id,pr_number,user,submitted_at,state,body
91890329,98,leigh123linux,2018-01-26T16:24:15Z,CHANGES_REQUESTED,"What about other distos, using lib isn't acceptable.

Maybe you could use this as an example

https://git.gnome.org/browse/gnome-bluetooth/tree/lib/meson.build#n141"
94514496,98,leigh123linux,2018-02-06T21:39:28Z,COMMENTED,
94698797,98,Salamandar,2018-02-07T13:02:45Z,COMMENTED,
94755546,98,leigh123linux,2018-02-07T15:42:03Z,COMMENTED,
94763614,98,Salamandar,2018-02-07T16:01:31Z,COMMENTED,
94764282,98,Salamandar,2018-02-07T16:03:02Z,COMMENTED,
649282897,193,mtwebster,2021-04-30T14:37:46Z,COMMENTED,
649283062,193,mtwebster,2021-04-30T14:37:55Z,COMMENTED,
1713889601,236,rcalixte,2023-11-05T00:03:34Z,COMMENTED,
2437837809,245,SparkyBluefang,2024-11-15T07:13:39Z,COMMENTED,
1071987154,213,rcalixte,2022-08-13T18:22:43Z,COMMENTED,
