id,number,title,comments,state,repo
1187405250,11695,Replace cluster metadata with slot specific dictionaries,62,closed,redis/redis
781687008,9788,Implement Multi Part AOF mechanism to avoid AOFRW overheads.,50,closed,redis/redis
1000636511,11012,reprocess command when client is unblocked on keys,50,closed,redis/redis
708741066,9357,Add support for list type to store elements larger than 4GB,20,closed,redis/redis
848083774,10285,Module Configurations,18,closed,redis/redis
1330220420,12109,Rdb channel for full sync,8,closed,redis/redis
704812552,9323,Replica keep serving data during repl-diskless-load=swapdb for better availability,29,closed,redis/redis
679711720,9166,Replication backlog and replicas use one global shared replication buffer,16,closed,redis/redis
898547197,10517,Improve slot migration reliability,61,closed,redis/redis
1783132907,13157,Change license from BSD-3 to dual RSALv2+SSPLv1,196,closed,redis/redis
704635272,9320,Fully abstract connection and make TLS dynamically loadable,64,closed,redis/redis
800629388,9934,Reduce system calls of write for client->reply by introducing writev,69,closed,redis/redis
684106783,9202,Unified Lua and modules reply parsing and added resp3 support to RM_Call,10,closed,redis/redis
807240324,9974,ACL V2 - Selectors and key based permissions,20,closed,redis/redis
844152705,10273,Add reply_schema to command json files (internal for now),21,closed,redis/redis
717501951,9406,Add a special notification unlink available only for modules,63,closed,redis/redis
727491105,9462,Added INFO LATENCYSTATS section: latency by percentile distribution/latency by cumulative distribution of latencies,17,closed,redis/redis
734424022,9504,Treat subcommands as commands,6,closed,redis/redis
626211325,8887,Replace all usage of ziplist with listpack for t_hash,34,closed,redis/redis
1063828813,11303,Add listpack encoding for list,25,closed,redis/redis
587187802,8621,Sharded pubsub implementation,23,closed,redis/redis
762179279,9656,Auto-generate the command table from JSON files,10,closed,redis/redis
1179001907,11659,Custom authentication for Modules,8,closed,redis/redis
746852127,9572,Sort out the mess around writable replicas and lookupKeyRead/Write,41,closed,redis/redis
2274220370,13740,Add internal connection and command mechanism,12,closed,redis/redis
791825176,9872,Wait for replicas when shutting down,7,closed,redis/redis
900609526,10536,Introduce Shard IDs to logically group nodes in cluster mode,50,closed,redis/redis
675270696,9127,Add stream consumer group lag tracking and reporting,12,closed,redis/redis
820750162,10108,Command info module API,10,closed,redis/redis
1142128764,11568,Support for RM_Call on blocking commands,22,closed,redis/redis
1288422918,11963,Add basic eventloop latency measurement.,24,closed,redis/redis
785706732,9822,introduce dynamic client reply buffer size - save memory on idle clients,39,closed,redis/redis
1623708200,12822,Refactor the per-slot dict-array db.c into a new kvstore data structure,11,closed,redis/redis
745794646,9564,Cluster human readable nodename feature ,26,closed,redis/redis
898376761,10515,Reimplement cli hints based on command arg docs,35,closed,redis/redis
994439132,10966,Add RM_SetContextUser to support acl validation in RM_Call (and scripts),14,closed,redis/redis
379148615,6929,"Adds new pop-push commands (LMOVE, BLMOVE)",57,closed,redis/redis
598926411,8687,Client eviction,9,closed,redis/redis
375590056,6891,Make INFO command variadic ,14,closed,redis/redis
545244953,8242,"Use FD_CLOEXEC in Sentinel, so that FDs don't leak to the scripts it runs",72,closed,redis/redis
749819424,9601,Add sanitizer support and clean up sanitizer findings,15,closed,redis/redis
1822355948,13209,Hash Field Expiration - listpack support ,4,closed,redis/redis
1358902358,12209,improve performance for scan command when matching pattern or data type,28,closed,redis/redis
794565109,9890,Sort out mess around propagation and MULTI/EXEC,22,closed,redis/redis
850963818,10293,Add cluster shards support.,38,closed,redis/redis
1851879005,13243,Hfe serialization listpack,11,closed,redis/redis
738186202,9530,Clusterbus extensions and hostname support,48,closed,redis/redis
1457933869,12453,Print stack trace from all threads in crash report,12,closed,redis/redis
1061599600,11290,Listpack encoding for sets,20,closed,redis/redis
801389568,9938,Add FUNCTION DUMP and RESTORE.,2,closed,redis/redis
548875985,8288,Add modules API for streams,14,closed,redis/redis
1558171744,12658,Fix async safety in signal handlers,10,closed,redis/redis
784565137,9812,"Remove EVAL script verbatim replication, propagation, and deterministic execution logic",30,closed,redis/redis
1627005706,12826,redis-cli --keystats and --keystats-samples with --top and --cursor,16,closed,redis/redis
649804082,8974,Use madvise(MADV_DONTNEED) to release memory to reduce COW,27,closed,redis/redis
780137060,9780,Redis Function,13,closed,redis/redis
702163067,9309,Adding ACL support for modules,15,closed,redis/redis
802079380,9940,Reuse temporary client objects for blocked clients by module,14,closed,redis/redis
1048645265,11248,Reclaim page cache of RDB file,22,closed,redis/redis
569890807,8474,Always replicate TTLs as absolute timestamps in milliseconds,14,closed,redis/redis
543163619,8217,Added Errorstats info section to enable keeping track of the different errors that occur within Redis; Added failed_calls to commandstats,18,closed,redis/redis
815228000,10061,Adapt redis-check-aof tool for Multi Part Aof,19,closed,redis/redis
824806482,10127,sub-command support for ACL CAT and COMMAND LIST. redisCommand always stores fullname,7,closed,redis/redis
708456251,9356,Slot-to-keys using dict entry metadata,54,closed,redis/redis
1036644018,11193,Client pause write during OOM and pending lazyfree jobs,19,closed,redis/redis
806030030,9963,Adding module api for processing commands during busy jobs and allow flagging the commands that should be handled at this status,14,closed,redis/redis
1621088077,12817,Fix race condition issues between the main thread and module threads,18,closed,redis/redis
774961059,9748,Multiparam config set,6,closed,redis/redis
810027466,10004,Redis Function Libraries,16,closed,redis/redis
1038910243,11199,Module API to allow writes after key space notification hooks,5,closed,redis/redis
553755480,8315,implement FAILOVER command,8,closed,redis/redis
535575244,8170,Add support for client pause WRITE,7,closed,redis/redis
813056386,10043,redis-cli generates command help tables from the results of COMMAND ,30,closed,redis/redis
554150785,8324,A better approach for COMMAND INFO for movablekeys commands,17,closed,redis/redis
1666183056,12913,Add overhead of all DBs and rehashing dict count to info.,11,closed,redis/redis
1196070262,11708,Module commands to have ACL categories.,13,closed,redis/redis
1354035448,12192,replica redirect read&write to master in standalone mode,52,closed,redis/redis
554507365,8327,"GETEX, GETDEL and SET PXAT/EXAT",24,closed,redis/redis
1151659968,11595,Key as dict entry - memory optimization for sets,48,closed,redis/redis
24633999,2143,Quicklist (linked list + ziplist),36,closed,redis/redis
1436789105,12416, Add modules API for set,5,closed,redis/redis
735251652,9511,Implement anetPipe() to combine creating pipe and setting flags,5,closed,redis/redis
1530019827,12611,Fix compile on macOS 13,30,closed,redis/redis
779788134,9774, Introduce memory management on cluster link buffers,35,closed,redis/redis
2117585366,13592,Add KEYSIZES section to INFO,4,closed,redis/redis
657434859,9003,Fix the wrong reisze of querybuf,10,closed,redis/redis
1273011481,11907,Add support for pubsub channel subscribers information,20,closed,redis/redis
1593900804,12742,"Cluster refactor, common API for different implementations",6,closed,redis/redis
918307104,10636,Add warning for suspected slow system clocksource setting,2,closed,redis/redis
995154099,10969,Fix replication inconsistency on modules that uses key space notifications,7,closed,redis/redis
940116112,10747,"Add MKGROUP option for XPENDING, XREADGROUP, XCLAIM and XAUTOCLAIM commands for the case if the group doesn't already exist.",22,closed,redis/redis
655629878,8999,Enhance mem_usage/free_effort/unlink/copy callbacks and add GetDbFromIO Api.,31,closed,redis/redis
1880317399,13285,HFE to support AOF and replicas,2,closed,redis/redis
1295775663,11982,Use dummy allocator to make accesses defined as per standard,29,closed,redis/redis
1932195297,13359,optimize bitcount command using popcnt,37,closed,redis/redis
527452809,8094,Add  GEOSEARCH/GEOSEARCHSTORE command,6,closed,redis/redis
1788564838,13169,"Revert ""Change license from BSD-3 to dual RSALv2+SSPLv1""",31,closed,redis/redis
46698187,2795,Add NX/XX/GT/LT options to EXPIRE command group,16,closed,redis/redis
509387440,7953,Add COPY command,14,closed,redis/redis
503780432,7912,"Modules callbacks for lazy free effort, and unlink",39,closed,redis/redis
118051528,2929,KAFKA-4763; Handle disk failure for JBOD (KIP-112),148,closed,apache/kafka
446781200,9001,KAFKA-10028: Implement write path for feature versioning system (KIP-584),24,closed,apache/kafka
104076260,2476,KAFKA-4586; Add purgeDataBefore() API (KIP-107),174,closed,apache/kafka
108437623,2614,KAFKA-4816: Message format changes for idempotent/transactional producer,112,closed,apache/kafka
122129498,3131,org.apache.kafka.common.errors.UnknownTopicOrPartitionException: This server does not host this topic-partition,404,closed,apache/kafka
141356632,3874,KAFKA-5163; Support replicas movement between log directories (KIP-113),35,closed,apache/kafka
66076425,1215,KAFKA-3163: Add time based index to Kafka.,62,closed,apache/kafka
209224098,5527,KAFKA-3705: Added a foreignKeyJoin implementation for KTable.,118,closed,apache/kafka
419082738,8680,KAFKA-10027: Implement read path for feature versioning system (KIP-584),15,closed,apache/kafka
1521726751,14406,"KAFKA-14274 [6, 7]: Introduction of fetch request manager",9,closed,apache/kafka
756035709,11390,[KAFKA-13369] Follower fetch protocol changes for tiered storage.,16,closed,apache/kafka
257820226,6363,KAFKA-5505: Incremental cooperative rebalancing in Connect (KIP-415),5,closed,apache/kafka
211442056,5582,KIP-368: Allow SASL Connections to Periodically Re-Authenticate,56,closed,apache/kafka
416864311,8657,KAFKA-8334 Make sure the thread which tries to complete delayed reque…,85,closed,apache/kafka
98265840,2264,Kafka 4507: The client should send older versions of requests to the broker if necessary,81,closed,apache/kafka
1469779374,14182,KAFKA 14515: Optimized Uniform Rack Aware Assignor,1,closed,apache/kafka
55900829,764,KAFKA-3025 Added timetamp to Message and use relative offset.,37,closed,apache/kafka
1396407760,13870,KAFKA-14500; [5/N] Implement JoinGroup protocol in new GroupCoordinator,6,closed,apache/kafka
558842078,9944,KAFKA-10580: Add topic ID support to Fetch request,16,closed,apache/kafka
1288034062,13443,KAFKA-14514: Add Range Assignor on the Server (KIP-848),1,closed,apache/kafka
271449891,6592,KAFKA-8326: Introduce List Serde,65,closed,apache/kafka
210863553,5567,KAFKA-7223: Suppress API with only immediate emit,21,closed,apache/kafka
735705090,11331,KAFKA-13111: Re-evaluate Fetch Sessions when using topic IDs,8,closed,apache/kafka
176775247,4756,KAFKA-6670: Implement a Scala wrapper library for Kafka Streams,43,closed,apache/kafka
71853084,1446,KAFKA-3715: add granular metrics per node,148,closed,apache/kafka
191607790,5101,KAFKA-6082: Fence zookeeper updates with controller epoch zkVersion,28,closed,apache/kafka
254700136,6295,KIP-382: MirrorMaker 2.0,42,closed,apache/kafka
508725536,9485,KAKFA-10619: Idempotent producer will get authorized once it has a WRITE access to at least one topic,17,closed,apache/kafka
82445483,1776,KIP-73 - Replication Quotas,2,closed,apache/kafka
1583328979,14690,KAFKA-15574; [1/N]: Client state machine updates,9,closed,apache/kafka
103789929,2466,KAFKA-4144: Allow per stream/table timestamp extractor,115,closed,apache/kafka
276804210,6694,[KAFKA-7994] Improve Stream time accuracy for restarts and rebalances ,62,closed,apache/kafka
184146651,4931,KAFKA-6776 : ConnectRestExtension Interfaces & Rest integration,12,closed,apache/kafka
246089156,6177,KAFKA-7862 & KIP-345 part-1: Add static membership logic to JoinGroup protocol,55,closed,apache/kafka
113505978,2772,KAFKA-4208: Add Record Headers,152,closed,apache/kafka
100538349,2330,KAFKA-4602 - KIP-72 - Allow putting a bound on memory consumed by Incoming requests,83,closed,apache/kafka
304834482,7170,KIP-221 / Add KStream#repartition operation,57,closed,apache/kafka
358550787,7884,[KAFKA-8522] Streamline tombstone and transaction marker removal,64,closed,apache/kafka
112546122,2735,KAFKA-4817; Add idempotent producer semantics,75,closed,apache/kafka
42085063,130,KIP-28: First patch,68,closed,apache/kafka
134092726,3621,KAFKA-5694; Add AlterReplicaDirRequest and DescribeReplicaDirRequest (KIP-113),49,closed,apache/kafka
359585458,7898,KAFKA-9366: Change log4j dependency into log4j2,119,closed,apache/kafka
451348992,9039,KAFKA-5636: SlidingWindows (KIP-450),5,closed,apache/kafka
1939735719,16456,KAFKA-16745: Implemented handleShareFetchRequest RPC including unit tests,4,closed,apache/kafka
1509004277,14364,KAFKA-15278: Implement HeartbeatRequestManager to handle heartbeat requests,14,closed,apache/kafka
2107849314,17373,KAFKA-9366: Upgrade log4j to log4j2,55,closed,apache/kafka
1312312366,13561,KAFKA-14888: Added remote log segments retention functionality based on time and size.,22,closed,apache/kafka
194318705,5201,"KAFKA-6761: Construct Physical Plan using Graph, Reduce streams footprint part III",30,closed,apache/kafka
1327270296,13639,KAFKA-14462; [12/N] Add GroupMetadataManager and ConsumerGroup,2,closed,apache/kafka
178950664,4812,KAFKA-6376: streams skip metrics,28,closed,apache/kafka
320558645,7378,KAFKA-8233: KIP-470: TopologyTestDriver test input and output usability improvements,13,closed,apache/kafka
218850040,5709,KAFKA-7406: Name join group repartition topics,13,closed,apache/kafka
57201488,812,KAFKA-3149: Extend SASL implementation to support more mechanisms,20,closed,apache/kafka
43248947,165,KAFKA-2464: client-side assignment for new consumer,27,closed,apache/kafka
2131939625,17539,KAFKA-17743: Add minBytes implementation to DelayedShareFetch,6,closed,apache/kafka
115697936,2849,KAFKA-5059: Implement Transactional Coordinator,6,closed,apache/kafka
118682698,2964,KAFKA-5130: Refactor TC In-memory Cache,23,closed,apache/kafka
85892279,1884,KAFKA-4060: Remove zk client dependency in kafka streams,39,closed,apache/kafka
202075533,5379,KAFKA-7169: Custom SASL extensions for OAuthBearer authentication mechanism,10,closed,apache/kafka
44067965,191,KAFKA-1686: Implement SASL/Kerberos.,34,closed,apache/kafka
568537360,10070,KAFKA-12276: Add the quorum controller code,2,closed,apache/kafka
138595037,3765,KAFKA-5642: Use async ZookeeperClient in Controller,21,closed,apache/kafka
1239282639,13240,KAFKA-14690: Add topic IDs to the OffsetCommit API version 9,30,closed,apache/kafka
93899557,2140,KAFKA-4390: Replace MessageSet usage with client-side alternatives,39,closed,apache/kafka
179821025,4830,KAFKA-6028: Improve the quota throttle communication (KIP-219),15,closed,apache/kafka
458873724,9103,"KAFKA-10181: Use Envelope RPC to do redirection for (Incremental)AlterConfig, AlterClientQuota and CreateTopics",11,closed,apache/kafka
42158890,132,KAFKA-1215: Rack-Aware replica assignment option,48,closed,apache/kafka
218113738,5693,KAFKA-7223: In-Memory Suppression Buffering,12,closed,apache/kafka
224458749,5821,KAFKA-7235: Detect outdated control requests and bounced brokers using broker generation,11,closed,apache/kafka
204292576,5428,"KAFKA-3514: Part III, Refactor StreamThread main loop",25,closed,apache/kafka
112784300,2743,KIP-101: Alter Replication Protocol to use Leader Epoch rather than High Watermark for Truncation,70,closed,apache/kafka
2240964645,18240,KAFKA-17642: PreVote response handling and ProspectiveState,1,closed,apache/kafka
97538343,2244,KAFKA-4490: Add Global Table support to Kafka Streams,66,closed,apache/kafka
91448020,2074,KAFKA-3853 (KIP-88): Report offsets for empty groups in consumer group describe command (new consumer),40,closed,apache/kafka
140887639,3849,KAFKA-5886: Implement KIP-91 delivery.timeout.ms,68,closed,apache/kafka
69218845,1336,KAFKA-3144: Report members with no assigned partitions in ConsumerGroupCommand,21,closed,apache/kafka
112793702,2744,KAFKA-4954: Request handler utilization quotas,72,closed,apache/kafka
509208862,9487,KAFKA-9331: Add a streams specific uncaught exception handler,4,closed,apache/kafka
665756073,10851,KAFKA-6718 / Rack aware standby task assignor,37,closed,apache/kafka
44267004,195,KAFKA-2211: Adding simpleAclAuthorizer implementation and test cases.,25,closed,apache/kafka
117411513,2910,KAFKA-5121: Implement transaction index for KIP-98,115,closed,apache/kafka
620161299,10579,KAFKA-9555 Added default RLMM implementation based on internal topic storage.,8,closed,apache/kafka
125456613,3325,"KAFKA-5363: KIP-167  implementing bulk load, restoration event notification",50,closed,apache/kafka
580701337,10218,KAFKA-12368: Added inmemory implementations for RemoteStorageManager and RemoteLogMetadataManager.,10,closed,apache/kafka
1527624218,14432,"KAFKA-14516: [1/N] Static Member leave, join, re-join request using ConsumerGroupHeartbeats",15,closed,apache/kafka
1521733824,14408,KAFKA-14506: Implement DeleteGroups API and OffsetDelete API,0,closed,apache/kafka
458697672,9100,Add AlterISR RPC and use it for ISR modifications,7,closed,apache/kafka
103998067,2472,KAFKA-3265: Create Java Admin Client,64,closed,apache/kafka
383314486,8218,KAFKA-9441: Unify committing within TaskManager,21,closed,apache/kafka
63403078,1095,KAFKA-3306: Change metadata response to include required additional fi…,13,closed,apache/kafka
335188492,7629,KAFKA-9072: Add Topology naming to the dev guide,7,closed,apache/kafka
411185195,8589,KAFKA-9146: KIP-571 Add option to force delete active members in StreamsResetter,41,closed,apache/kafka
198867797,5322,KAFKA-5037 Infinite loop if all input topics are unknown at startup,51,closed,apache/kafka
1274173405,13391,KAFKA-14561: Improve transactions experience for older clients by ensuring ongoing transaction,7,closed,apache/kafka
67423367,1251,KAFKA-3600: Enhance java clients to use ApiVersion Req/Resp to check if the broker they are talking to supports required api versions,63,closed,apache/kafka
42826765,151,KAFKA-2411; remove usage of blocking channel,35,closed,apache/kafka
118853905,2967,KAFKA-5150 reduce lz4 decompression overhead,106,closed,apache/kafka
111852615,2719,KAFKA-4916: test streams with brokers failing,81,closed,apache/kafka
661977674,10822,KAFKA-4793: Connect API to restart connector and tasks (KIP-745),7,closed,apache/kafka
1801255689,15640,KAFKA-15974: Enforce that event processing respects user-provided timeout,20,closed,apache/kafka
1482745538,737,Fix extra tab,15,closed,elementary/terminal
235179301,330,"Add ""Open in Browser"" to the context menu",20,closed,elementary/terminal
651144703,584,Refactor name check and title update so works with custom prompt,17,closed,elementary/terminal
294950527,386,Move cursor to clicked position (as near as possible),27,closed,elementary/terminal
405251972,505,Zoom per tab,13,closed,elementary/terminal
1578035322,742,Continous saving of current tabs and tab-zooms,12,closed,elementary/terminal
486006329,542,Add custom color schemes,8,closed,elementary/terminal
149023715,160,Restore zoom level from saved state,10,closed,elementary/terminal
131070968,125,Unsafe paste. (#45),9,closed,elementary/terminal
1930389829,760,Replace Granite.DynamicNotebook with Hdy TabView and TabBar,14,closed,elementary/terminal
1059568642,687,#11: Findbar arrow sensitivity,9,closed,elementary/terminal
193839331,265,Check for equivalent existing tab when opening with working directory.,8,closed,elementary/terminal
984748802,662,Add a custom theme dialog,9,closed,elementary/terminal
383939403,486,"Add ""Kill process"" to context menu",10,closed,elementary/terminal
119306617,87,Duplicate tab names,4,closed,elementary/terminal
2159728327,798,Add toggle for unsafe paste,8,closed,elementary/terminal
1581233931,743,Fix unwanted extra tab ,3,closed,elementary/terminal
667283504,595,Unsafe Pastes: Handle multi-line pastes as well,0,closed,elementary/terminal
310479076,397,Implement gnome-terminal style -x (--) flag.,2,closed,elementary/terminal
677506868,602,MainWindow: Use the XTerm title if defined,7,closed,elementary/terminal
403227741,504,Use escape sequence and ignore clicks on command prompt,8,closed,elementary/terminal
545774873,556,"Adds setting ""block-multiline-paste-alert"" (default: true)",6,closed,elementary/terminal
1637327042,753,Fix inoperative header decorations when fullscreened,2,closed,elementary/terminal
193840788,266,Do not process keystrokes when there is a foreground process.,12,closed,elementary/terminal
658504452,590,Replace some deprecated functions,6,closed,elementary/terminal
2121440140,794,Check for unsafe  drop ,5,closed,elementary/terminal
300914485,390,Use palette colors for default bg/fg,3,closed,elementary/terminal
240554230,349,Honor privacy setting,4,closed,elementary/terminal
221233655,299,294 reverse phrasing,3,closed,elementary/terminal
291607436,382,Pressing the menu keyboard button opens right-click menu,9,closed,elementary/terminal
350167658,431,MainWindow: Strip clipboard when pasting,2,closed,elementary/terminal
1220396636,699,Add `SettingsPopover` Class,6,closed,elementary/terminal
775041075,638,Focus current tab,6,closed,elementary/terminal
128497076,119,Pick a larger window size for first run.,5,closed,elementary/terminal
163846349,196,Restore tab focus,1,closed,elementary/terminal
339058385,423,MainWindow: Apply font changes on the fly,8,closed,elementary/terminal
367695640,477,Get pwd from ApplicationCommandLine if possible when no -w flag given,3,closed,elementary/terminal
647671455,578,Add shortcut for reload tab action,9,closed,elementary/terminal
763181240,633,Removed alpha values from palletes.,5,closed,elementary/terminal
924745524,658,Added hotkey to close terminal,5,closed,elementary/terminal
1238137817,702,Rework Application Class,9,closed,elementary/terminal
2256657413,836,Cycle tabs with Ctrl+Tab,1,closed,elementary/terminal
160570836,185,PantheonTerminalWindow.vala: make constructor properties public,0,closed,elementary/terminal
193785138,263,Do not pass Esc characters to terminal.,8,closed,elementary/terminal
193773760,262,Copy last output action,2,closed,elementary/terminal
280187526,375,Use GSettings for Saved State,2,closed,elementary/terminal
361761542,461,Fix issues with -e and -x options,8,closed,elementary/terminal
1611921633,749,MainWindow: Move Actions and Keyboard Handling Related to The View to TerminalWidget,0,closed,elementary/terminal
1268746325,710,Application: Implement `startup()`,6,closed,elementary/terminal
1372485190,730,Update manpage,8,closed,elementary/terminal
2003735495,769,Use GLib.MenuModel for context menu,1,closed,elementary/terminal
2058411408,786,Gtk4 prep - Move zoom actions to MainWindow,7,closed,elementary/terminal
2207913938,813,Application: withdraw stale notifications,4,closed,elementary/terminal
160773737,190,Restore tab order,4,closed,elementary/terminal
156790677,180,Execute parameter,5,closed,elementary/terminal
151999101,165,Dark light settings,0,closed,elementary/terminal
192820973,253,Fix menu translation,2,closed,elementary/terminal
472868068,533,Ctrl+tab key bind: go to previous tab,2,closed,elementary/terminal
464216532,527,Application.css: increase padding,3,closed,elementary/terminal
547845323,557,"Adds context menu option ""Paste Selected""",6,closed,elementary/terminal
1235708123,701,Update Meson Files,0,closed,elementary/terminal
193789064,264,Scroll to last command,7,closed,elementary/terminal
2013448677,772,Show zoom level in centre or terminal when changing.,6,closed,elementary/terminal
2059739897,788,Rework control shift press handling - Gtk4 prep,2,closed,elementary/terminal
2047807880,777,Correctly open uris containing spaces,3,closed,elementary/terminal
121484474,95,Fix #88 & #94 - Disconnect signals when tab closed; reconnect on restoring,3,closed,elementary/terminal
184846888,234,Do not restore tabs when opened with commandline -w parameter,6,closed,elementary/terminal
235303947,333,Add moving current tab shortcuts,6,closed,elementary/terminal
301862520,391,Use Solarized Dark for dark UI,6,closed,elementary/terminal
365763063,468,Ctrl+Click to open URLs,2,closed,elementary/terminal
476776894,537,Only open `with_directory` mode when -w arg is not null,4,closed,elementary/terminal
602418698,571,Preliminary Flatpak manifest,6,closed,elementary/terminal
1025862639,680,Fix foreground process shortcuts,5,closed,elementary/terminal
1627175554,751,TerminalWidget: Port Context Menu to GLib.MenuModel and Gtk.PopoverMenu,6,closed,elementary/terminal
2056438155,785,SettingsPopover: use provider_for_screen for theme buttons,1,closed,elementary/terminal
125845211,105,Fix #98 - Pass F keys to TerminalWidget first.,5,closed,elementary/terminal
160637695,189,Don't restore tabs in a new window,4,closed,elementary/terminal
134485166,129,Rewrite Unsafe Paste Dialog as Gtk.Dialog,3,closed,elementary/terminal
147917969,157,Port accelerators over to GLib.action,2,closed,elementary/terminal
196788980,275,Fix API break with Vte.feed_child,0,closed,elementary/terminal
350244251,432,MainWindow: Natural Copy/Paste in menu,2,closed,elementary/terminal
359733479,447,-n option to open a new window instead of a new tab,4,closed,elementary/terminal
353014645,435,Ctrl scroll zoom,2,closed,elementary/terminal
521023566,547,MainWindow: Use the Gtk.EventControllerKey controller to handle the key events,4,closed,elementary/terminal
536358050,552,Danrabbit/custom colors,5,closed,elementary/terminal
647835950,580,Add accellabel to reload menuitem,4,closed,elementary/terminal
658388275,589,Fix regression of #585,4,closed,elementary/terminal
1567825043,740,Expose audible-bell setting in Settings Menu,1,closed,elementary/terminal
162207918,193,Remove invasive CMake variables,3,closed,elementary/terminal
164129568,200,Allow not ensuring tab existence for new window with coord,0,closed,elementary/terminal
164416871,204,Grab focus to terminal widget when restoring,2,closed,elementary/terminal
135266033,136,rewrite SearchToolbar.vala,0,closed,elementary/terminal
143694927,146,Use GLib.Action in place of deprecated Gtk.Action,0,closed,elementary/terminal
328365815,417,Add 5 new themes and 3 text palette ,4,closed,elementary/terminal
315963179,404,Ignore hyperlink clicks just after focus in event.,1,closed,elementary/terminal
328022474,416,Application: Remove new_window_with_coords,0,closed,elementary/terminal
359347934,446,-n option to open a new window instead of a new tab,3,closed,elementary/terminal
359860531,448,Application: process help options immediately,4,closed,elementary/terminal
415616260,512,Validate colors restored from settings; correct and replace as required.,0,closed,elementary/terminal
514952439,546,MainWindow: Add “follow system style” toggle,4,closed,elementary/terminal
629891447,835,Basic telemetry for the Audacity,1091,closed,audacity/audacity
699730100,1384,Deep Learning Tools,14,closed,audacity/audacity
1277048375,4414,Bottom bar UI,42,closed,audacity/audacity
804387931,2295,VST3 support,22,closed,audacity/audacity
1646702426,5791,DSP-based tempo detection,10,closed,audacity/audacity
1476170405,5043,Time stretching 4 of 6 repair copy paste for stretched tracks,37,closed,audacity/audacity
1423361978,4881,Audio Clip stretching,13,closed,audacity/audacity
986659085,3176,Non modal setting dialogs for stacked effects,43,closed,audacity/audacity
1476170025,5041,Time stretching 2 of 6 make audio track stretching effective,27,closed,audacity/audacity
681999250,1207,Track affordances,1,closed,audacity/audacity
778873464,2121,Deserialization cleanup,11,closed,audacity/audacity
630054049,836,Breakpad integration,24,closed,audacity/audacity
1381557518,4771,SampleTrack caching refactoring: weak_ptr approach,15,closed,audacity/audacity
877717688,2668,Issue 2607: plugin validation,10,closed,audacity/audacity
1395602718,4797,Wide sample sequence stretching decorator,13,closed,audacity/audacity
1501508573,5138,Destructive effects applied to stretched clips,47,closed,audacity/audacity
1005900482,3278,Define instance vst2 2nd,20,closed,audacity/audacity
921748399,2867,Issue 2845: effects stack UI,7,closed,audacity/audacity
594643417,759,Update 2.4.2 Turkish Translation,6,closed,audacity/audacity
1037172677,3432,Audio sharing support,11,closed,audacity/audacity
680302149,1193,New spectral editing tool - brush tool,5,closed,audacity/audacity
1411723598,4853,Have clips know project tempo,78,closed,audacity/audacity
794253376,2224,Integrate WavPack library to export/import wavpack files,10,closed,audacity/audacity
1369923024,4746,Mixer does not use track,18,closed,audacity/audacity
1749886542,6068,6001 formant preservation,10,closed,audacity/audacity
1340498239,4668,New export UI,24,closed,audacity/audacity
1354169053,4701,4700 make an audacity library of staffpads time stretcher,10,closed,audacity/audacity
1476170267,5042,Time stretching 3 of 6 repair drawing tools for stretched audio,13,closed,audacity/audacity
629045391,830,Color scheme for spectrogram,33,closed,audacity/audacity
665864719,966,Tracking version,2,closed,audacity/audacity
937515523,2941,Audio setup rework,43,closed,audacity/audacity
1262080078,4384,Import/export refactoring,8,closed,audacity/audacity
1030194401,3396,Issue 2606: vst3 statelessness,8,closed,audacity/audacity
1845092749,6359,Master effects,16,closed,audacity/audacity
726387136,1614,Wave Clip rename,1,closed,audacity/audacity
734418429,1679,Smart clips,2,closed,audacity/audacity
1657298102,5818,`lib-wave-track-paint`,20,closed,audacity/audacity
727460146,1623,Ffmpeg update,6,closed,audacity/audacity
661059630,952,Error reporting to Sentry,2,closed,audacity/audacity
988597829,3183,Define settings vst2 - 2nd,12,closed,audacity/audacity
1857693643,6395,Real time limiter UI,35,closed,audacity/audacity
969181551,3088,Use XDG dirs by default on Linux,20,closed,audacity/audacity
1686909656,5874,Multiple-file import of audio files with tempo detection.,8,closed,audacity/audacity
912108369,2831,Issue 2659: effects menu sorting,11,closed,audacity/audacity
1501566589,5139,Repair plot spectrum command for stretched data,19,closed,audacity/audacity
1596227849,5570,5548 parse audio file title for loop metadata,11,closed,audacity/audacity
1755067541,6094,Wide wave clip,15,closed,audacity/audacity
995999641,3229,Issue 3078: realtime effects UI keyboard navigation & accessibility,3,closed,audacity/audacity
1732553000,5980,Plugin manager window update,20,closed,audacity/audacity
1361390914,4723,4717 relocate caching from sampletrackcache to some place below WaveClip,23,closed,audacity/audacity
1699492245,5900,5891 non destructive pitch shifting,12,closed,audacity/audacity
2136092721,7590,6940 vscode setup,0,closed,audacity/audacity
697987551,1377,Stereo track affordance,6,closed,audacity/audacity
1473454555,5027,Ignore right channel envelope,11,closed,audacity/audacity
1729398268,5965,Wide wave track,12,closed,audacity/audacity
906207164,2801,Make echo stateless 2,22,closed,audacity/audacity
1513933344,5193,Channels API extend,9,closed,audacity/audacity
1001666006,3258,Source stage and sink,14,closed,audacity/audacity
650304892,918,Preliminary work to change the 3d party libraries management process,9,closed,audacity/audacity
855682242,2565,Effects side panel,6,closed,audacity/audacity
1565218751,5398,5390 stretch rendering always joint stereo,16,closed,audacity/audacity
843132792,2536,Unit testing,19,closed,audacity/audacity
1724329763,5952,5901 overflow button,9,closed,audacity/audacity
958783921,3030,Define settings vst3 i2969 3rd,6,closed,audacity/audacity
1067882590,3696,Meter toolbar navigation & accessibility,23,closed,audacity/audacity
1418387472,4867,Have clips know project tempo,12,closed,audacity/audacity
1616668719,5685,Symmetric vertical zoom,27,closed,audacity/audacity
1012098555,3317,Effect plugin window beautifications,0,closed,audacity/audacity
942850386,2957,Stateless vst3 settings,3,closed,audacity/audacity
1366890235,4739,Disallow mismatched sample rates,33,closed,audacity/audacity
906707832,2805,Non display channel group data,14,closed,audacity/audacity
1394541366,4795,Audio io does not use track,1,closed,audacity/audacity
1663244018,5839,5546 audio file header search for loop metadata,8,closed,audacity/audacity
1151272452,4033,Clip copy dialog,14,closed,audacity/audacity
1193880092,4171,Realtime effects menu grouping,5,closed,audacity/audacity
1608078841,5653,Wave color nonsense,16,closed,audacity/audacity
2329382831,8211,Add instance UUID support,19,closed,audacity/audacity
1882292475,6472,[AU4] Timeline ruler,0,closed,audacity/audacity
1698944560,5899,Fivefold faster tempo detection and spectrograms too,3,closed,audacity/audacity
2127481387,7561,Implement track deletion and a relevant minor refactoring,0,closed,audacity/audacity
689846228,1295,Make Privacy Policy links accessible from the keyboard,2,closed,audacity/audacity
1644927880,5789,Copy selection toolbar start and stop time string into clipboard,20,closed,audacity/audacity
2119908016,7515,[AU4] Consecutive and non-consecutive track selecting,0,closed,audacity/audacity
658864805,948,Adds lib-uuid,1,closed,audacity/audacity
692396185,1323,Install updates,1,closed,audacity/audacity
799847175,2261,Issue 2066: clip trim snapping,6,closed,audacity/audacity
951518835,3009,Define settings vst3 i2969 2nd,3,closed,audacity/audacity
2000678541,7017,6954 plugin manager and do effect method usable in au4,3,closed,audacity/audacity
1160276671,4053,Toolkit neutral menus part 2,5,closed,audacity/audacity
2199460306,7785,7647 effect panel part 2,0,closed,audacity/audacity
853729827,2561,Issue 2543: wave track naming,8,closed,audacity/audacity
966857286,3070,Define settings vst3 i2969 4th,3,closed,audacity/audacity
1615605289,5675,Hide some lesser known preferences,28,closed,audacity/audacity
1829011461,6306,Realtime limiter,5,closed,audacity/audacity
2258025855,7978,Distinguish timepoint and duration on beats formatter,4,closed,audacity/audacity
753935106,1865,Fix text edit shortcuts,5,closed,audacity/audacity
1140184855,3996,VST3 factory presets,7,closed,audacity/audacity
1528635452,5239,5196 clip menus,22,closed,audacity/audacity
1004141694,3271,Define instance vst2,2,closed,audacity/audacity
713145817,1482,Experimental dialog journalling,1,closed,audacity/audacity
813588818,331,Update Windows Packaging,131,closed,deluge-torrent/deluge
823521779,338,IP Check Updates,32,closed,deluge-torrent/deluge
224597487,221,[Core] Call wait_for_alert in a thread,13,closed,deluge-torrent/deluge
56100230,57,UI option handling fixes and cleanup,5,closed,deluge-torrent/deluge
189115298,181,Initial Appveyor Support,15,closed,deluge-torrent/deluge
96429411,138,host:port paste support,19,closed,deluge-torrent/deluge
21665586,12,[Extractor] Add Finding Win 7z Path via Registry,12,closed,deluge-torrent/deluge
185333635,180,#3171 Add Option To Specify Outgoing Connection Interface,14,closed,deluge-torrent/deluge
838831086,359,[Core] Document all exported core methods with type hints,18,closed,deluge-torrent/deluge
198527596,200,Feature GTK3UI,31,closed,deluge-torrent/deluge
829002583,343,[3499][Core] Stopped using deprecated functions,27,closed,deluge-torrent/deluge
22166378,14,Added method remove_torrents to core.,6,closed,deluge-torrent/deluge
821658522,337,Windows Continued,9,closed,deluge-torrent/deluge
843173714,369,Automatically refresh and expire the torrent status cache,6,closed,deluge-torrent/deluge
67617488,78,[#1959] [WebUI] Allow user selectable GUI language,9,closed,deluge-torrent/deluge
1944514990,454,Ci fixes and updates,11,closed,deluge-torrent/deluge
69542676,90,Develop pass ui client args,4,closed,deluge-torrent/deluge
197747938,196,WiP [#3065] Enhance TLS Security,10,closed,deluge-torrent/deluge
66721759,67,[GTKUI] Fix #2802: GTKUI classic mode shutdown procedure is broken,2,closed,deluge-torrent/deluge
835215548,354,Remove twisted.trial tests,8,closed,deluge-torrent/deluge
853664019,376,Support IPv6 In host lists for Connection Managers,5,closed,deluge-torrent/deluge
201463737,204,[#2009][WebUI] Add About window,21,closed,deluge-torrent/deluge
833909351,352,[Core] Test mixing in async/await syntax,20,closed,deluge-torrent/deluge
199964042,201,[#3189] Refactor HTTPDownloader to Agent,4,closed,deluge-torrent/deluge
840951781,364,[CI] Added CI run on minimum and current python requirements,11,closed,deluge-torrent/deluge
68481559,83,Fix Auto-add plugin to accept torrent files with uppercase extension,8,closed,deluge-torrent/deluge
53487192,50,[#2724] [Web] Forward exceptions in JSON-RPC back to caller,1,closed,deluge-torrent/deluge
237415408,228,[UI|Console] added console option to specify move completed folder,16,closed,deluge-torrent/deluge
69753503,93,Add external ip from lt to UI statusbars,7,closed,deluge-torrent/deluge
65557104,62,Develop console rewrite,10,closed,deluge-torrent/deluge
228576104,224,Modify the transfer protocol in a couple ways.,10,closed,deluge-torrent/deluge
834951713,353,Add maybe_coroutine decorator to easily mix in async/await syntax,11,closed,deluge-torrent/deluge
573751266,306,[GTKUI] Added detection of torrent URL on GTK UI focus ,7,closed,deluge-torrent/deluge
809911318,325,Drop Python2 support,4,closed,deluge-torrent/deluge
18939141,5,[#2478] [Blocklist] Add WebUI plugin page,15,closed,deluge-torrent/deluge
22694011,19,[GTKUI] Fix magnet association button access is denied,14,closed,deluge-torrent/deluge
73206436,103,Develop ui entry tests,2,closed,deluge-torrent/deluge
430494533,296,Update Install Instructions,4,closed,deluge-torrent/deluge
835490068,355,[Config] Don't log users passwords in plain text,14,closed,deluge-torrent/deluge
2043232571,462,Replace deprecated cgi module with email,6,closed,deluge-torrent/deluge
22502419,16,#2406 Implemented core.add_torrent_files to speed up adding multiple torrents.,2,closed,deluge-torrent/deluge
201357294,202,Prevent time formatting crash when seconds were floats,7,closed,deluge-torrent/deluge
282494537,240,[WiP] Update to libtorrent-1.2,4,closed,deluge-torrent/deluge
829809938,347,[Core] Return plugin keys with get_torrents_status,13,closed,deluge-torrent/deluge
855294437,377,[Console] Swap j and k key's behavior to fit vim mode,3,closed,deluge-torrent/deluge
958457944,386,[Packaging] Pinned Pyinstaller to v4.10 and readme update,10,closed,deluge-torrent/deluge
70958876,99,Develop misc fixes tests component core,2,closed,deluge-torrent/deluge
89536357,115,Use libtorrent.__version__ since libtorrent.version is deprecated,13,closed,deluge-torrent/deluge
161767435,175,Call the blocking wait_for_alert in a thread.,4,closed,deluge-torrent/deluge
269701478,234,Replace platform.linux_distribution function,1,closed,deluge-torrent/deluge
949961411,385,[Web] Accept charset in content-type for json messages,2,closed,deluge-torrent/deluge
1482698195,430,[Core] implement synchronous and v2 metafile creation,2,closed,deluge-torrent/deluge
21600957,10,Added automated tests and stuff on travis ,1,closed,deluge-torrent/deluge
40080308,34,Update Translations,12,closed,deluge-torrent/deluge
66466125,65,[WebUI] Fix #2798: WebUI plugin fail to start,8,closed,deluge-torrent/deluge
67647635,79,[Core] Save fastresume file on separate thread,4,closed,deluge-torrent/deluge
76878828,105,Libtorrent 1.1 compatibility,6,closed,deluge-torrent/deluge
91943369,133,[WebUI] Log correct http address if listening on IPv6,5,closed,deluge-torrent/deluge
100566702,139,[WebUI] Added X-Deluge-Session header support.,7,closed,deluge-torrent/deluge
828976088,342,Simplify PyInstaller spec file,8,closed,deluge-torrent/deluge
1508919923,433,Fix Errors Due to Deps,11,closed,deluge-torrent/deluge
1376718448,427,[UI][Common] Add daemon version check,3,closed,deluge-torrent/deluge
87703135,109,[UI] Fix ZeroDivisionError at pieces bar update,6,closed,deluge-torrent/deluge
125013908,158,Save torrent state only if state has changed. ,3,closed,deluge-torrent/deluge
69703771,92,Develop autodoc fix,1,closed,deluge-torrent/deluge
52690022,47,Defer save state function to separate thread,2,closed,deluge-torrent/deluge
54178330,55,[Core] Implement async_add_torrent in torrentmanager,1,closed,deluge-torrent/deluge
89749929,117,Python 3 fixes,9,closed,deluge-torrent/deluge
815760460,334,[Gtk] Fixed magnets not showing the prefetched metadata,7,closed,deluge-torrent/deluge
1241140745,412,Proposal about i2p,4,closed,deluge-torrent/deluge
2036915919,460,[UI][Common] Wrap torrent comment and tracker status URLs in HTML (clickable),1,closed,deluge-torrent/deluge
68484887,84,[#2813][Partial Revert][GTKUI] Remove old twisted and gnome code,6,closed,deluge-torrent/deluge
70983959,101,[Console] Fix to console argument parsing,2,closed,deluge-torrent/deluge
91518793,128,[Tests] Increase file descriptor limit,4,closed,deluge-torrent/deluge
192211234,186,Fix and cleanup outgoing interface code,3,closed,deluge-torrent/deluge
193819664,189,[AutoAdd] Add WebUI interface,6,closed,deluge-torrent/deluge
230293436,226,gtk3,5,closed,deluge-torrent/deluge
222292293,215,Resolve symlinked config files,8,closed,deluge-torrent/deluge
860907027,380,    Add a systemd user service,6,closed,deluge-torrent/deluge
1144457570,404,[UI][Common] Add support for BitTorrent V2 file tree,2,closed,deluge-torrent/deluge
847391903,372,[Config] fixed callLater wrapper func,2,closed,deluge-torrent/deluge
66722206,68,Develop plugin handling + webui fixes,5,closed,deluge-torrent/deluge
88866952,112,[#2900] Fix Error loading torrent: invalid bencoded value,6,closed,deluge-torrent/deluge
90637967,124,Feature/python3 support,7,closed,deluge-torrent/deluge
120083585,155,Trac#3011 Handle WM_ENDSESSION on Windows to shutdown cleanly,3,closed,deluge-torrent/deluge
140975568,170,Store state and fastresume in per-torrent files.,7,closed,deluge-torrent/deluge
286664484,244,bugfix for peers tab failing to set flag location request.country returns bytes not a string,7,closed,deluge-torrent/deluge
294721419,256,[GTK3]Fix Deprecated Functions,2,closed,deluge-torrent/deluge
412211155,288,[Servers] Moved check_ssl_keys and generate_ssl_keys to crypto_utils.py,4,closed,deluge-torrent/deluge
700685996,312,Support libtorrent 2,7,closed,deluge-torrent/deluge
19890802,7,[#1310] [Notifications] Add webui prefs page,6,closed,deluge-torrent/deluge
22836993,20,[GTKUI] Fix magnet association button setting path to nonexistant exe,6,closed,deluge-torrent/deluge
86969824,108,Check if libtorrent supports load_country_db before usage,6,closed,deluge-torrent/deluge
90275701,122,[GtkUI] Avoid duplicate code in piecesbar's drawing logic,3,closed,deluge-torrent/deluge
124005186,157,lossless compression of images saved 457KB,6,closed,deluge-torrent/deluge
192293561,187,Fix And Cleanup Interface Code,3,closed,deluge-torrent/deluge
201377832,203,[#2837][WebUI] Handle missing gettext.js file,1,closed,deluge-torrent/deluge
412490090,289,[Core] Changed on_alert_tracker_error behavior for lt >= 1.2,4,closed,deluge-torrent/deluge
456611783,298,Remove nonexistent web argument from Linux docs,6,closed,deluge-torrent/deluge
814174512,332,[AutoAdd] Fixed error dialog not being shown on error,5,closed,deluge-torrent/deluge
310279387,358,Shader Pipeline,37,closed,buildaworldnet/IrrlichtBAW
380946617,424,Mitsuba XML Loader on new API,8,closed,buildaworldnet/IrrlichtBAW
358143518,410,"IAsset::clone(), MTL, OBJ loaders, CShaderIntrospector::createApprox*",7,closed,buildaworldnet/IrrlichtBAW
407191642,474,Multi-Format Virtual Texturing,5,closed,buildaworldnet/IrrlichtBAW
423896754,497,Summed Area Table Filter,6,closed,buildaworldnet/IrrlichtBAW
405245834,468,Color Space - Patches and Filters,2,closed,buildaworldnet/IrrlichtBAW
516943750,554,Material Compiler Merge necessary for Simple Raytracer,1,closed,buildaworldnet/IrrlichtBAW
422895558,496,SSBO benchmark,0,closed,buildaworldnet/IrrlichtBAW
274990814,291,WIP: Example 13.BRDF_Explorer,89,closed,buildaworldnet/IrrlichtBAW
349799479,403,OpenEXR Loader/Writer,3,closed,buildaworldnet/IrrlichtBAW
456653428,521,Filters API,8,closed,buildaworldnet/IrrlichtBAW
358495404,411,GLI Dependency,1,closed,buildaworldnet/IrrlichtBAW
282613331,307,SSE4.2 implementation of aabbox3d,7,closed,buildaworldnet/IrrlichtBAW
166306201,21,BAW mesh loader,14,closed,buildaworldnet/IrrlichtBAW
503555755,549,Immutable assets,4,closed,buildaworldnet/IrrlichtBAW
416145073,487,LRU cache,3,closed,buildaworldnet/IrrlichtBAW
374028760,422,Bindings reordering fix,4,closed,buildaworldnet/IrrlichtBAW
291749719,333,BRDF Explorer Alpha,3,closed,buildaworldnet/IrrlichtBAW
213393808,143,MultiObjectCache,29,closed,buildaworldnet/IrrlichtBAW
304010242,341,TSSAA,10,closed,buildaworldnet/IrrlichtBAW
320044864,373,"Document important headers, first approach",1,closed,buildaworldnet/IrrlichtBAW
408963422,480,IrrlichtBaW CEGUI,2,closed,buildaworldnet/IrrlichtBAW
346834845,402,CGLILoader/Writer,4,closed,buildaworldnet/IrrlichtBAW
331801774,387,Shader Pipeline that Builds,6,closed,buildaworldnet/IrrlichtBAW
388269625,437,Normal Quantization Cache,7,closed,buildaworldnet/IrrlichtBAW
281815156,301,Derivative Mapping and GLSL Include Handling,10,closed,buildaworldnet/IrrlichtBAW
411878696,483,IrrlichtBaW Documentation,2,closed,buildaworldnet/IrrlichtBAW
304007616,340,Mitsuba loader extension,3,closed,buildaworldnet/IrrlichtBAW
332677211,390,BSDFValidator starter files,23,closed,buildaworldnet/IrrlichtBAW
230452602,172,Draw3DLine extension,10,closed,buildaworldnet/IrrlichtBAW
407973756,478,PCH and RelWithDebInfo,8,closed,buildaworldnet/IrrlichtBAW
386310940,431,Resource compiler,6,closed,buildaworldnet/IrrlichtBAW
399627629,455,Builtin resources,1,closed,buildaworldnet/IrrlichtBAW
171184541,39,BAW compression + encryption(coming),9,closed,buildaworldnet/IrrlichtBAW
168431821,36,BAW mesh loader the 2nd PR,11,closed,buildaworldnet/IrrlichtBAW
338259773,399,Get rid of a fuckton of warnings about loosing precision,7,closed,buildaworldnet/IrrlichtBAW
454546258,515,Level Curve Extraction Demo,3,closed,buildaworldnet/IrrlichtBAW
362855397,412,TGA loader,10,closed,buildaworldnet/IrrlichtBAW
369549437,416,BaW V3 - left handed and right handed meshes info,5,closed,buildaworldnet/IrrlichtBAW
340576763,401,Create WriterFlags and WriterFlipping,6,closed,buildaworldnet/IrrlichtBAW
259901647,244,"Shader Stub Code, Clipping Space Unification and GCC Warnings",26,closed,buildaworldnet/IrrlichtBAW
515657721,553,GPU Arithmetics test,0,closed,buildaworldnet/IrrlichtBAW
425241360,499,Denoiser Example Improvements,3,closed,buildaworldnet/IrrlichtBAW
465416342,524,BSDF sampling functions and tests,1,closed,buildaworldnet/IrrlichtBAW
508454398,552,Optix 7.2 update,3,closed,buildaworldnet/IrrlichtBAW
165564390,14,BAW mesh writer,10,closed,buildaworldnet/IrrlichtBAW
174480769,49,C++11 impl of things from FW_Mutex.h,3,closed,buildaworldnet/IrrlichtBAW
272745912,265,IrrCompileConfig change,13,closed,buildaworldnet/IrrlichtBAW
385174102,428,CEGUI,12,closed,buildaworldnet/IrrlichtBAW
496137615,540,Command buffer and queue interfaces,2,closed,buildaworldnet/IrrlichtBAW
381950798,425,CPLY Loader/Writer,2,closed,buildaworldnet/IrrlichtBAW
185043930,81,CMake,16,closed,buildaworldnet/IrrlichtBAW
332628506,389,"Add loader flags, CBufferLoaderBIN and flipping around X axie",1,closed,buildaworldnet/IrrlichtBAW
180454169,63,matrix3x4SIMD,3,closed,buildaworldnet/IrrlichtBAW
339947117,400,Compute Pipelines and Push Constants,3,closed,buildaworldnet/IrrlichtBAW
353110331,406,TGA Loader,3,closed,buildaworldnet/IrrlichtBAW
476434645,534,Mitsuba XML Instancing done and some filter fixes,1,closed,buildaworldnet/IrrlichtBAW
266062899,250,SRGB ,2,closed,buildaworldnet/IrrlichtBAW
405988380,473,Warnings elimination,6,closed,buildaworldnet/IrrlichtBAW
387381928,436,OpenEXR split & Denoiser Tonemapper,2,closed,buildaworldnet/IrrlichtBAW
273360483,271,WIP: Patch for #264 - build sRGB and Linux,6,closed,buildaworldnet/IrrlichtBAW
329784275,381,Add support for loading KTX Textures,6,closed,buildaworldnet/IrrlichtBAW
184913705,80,Mesh optimizer and stuff,5,closed,buildaworldnet/IrrlichtBAW
277966618,297,Smooth Normal Computation,6,closed,buildaworldnet/IrrlichtBAW
496135501,539,3rdparty SPIRV/GLSL upgrade and SkinningBenchmark subgroup bone fetch,12,closed,buildaworldnet/IrrlichtBAW
331651771,386,Add loaderFlags and CBufferLoaderBIN,1,closed,buildaworldnet/IrrlichtBAW
470349389,530,No pipeline fix,2,closed,buildaworldnet/IrrlichtBAW
246983865,213,Asset Pipeline Merge,2,closed,buildaworldnet/IrrlichtBAW
470518256,531,example #21 fix,0,closed,buildaworldnet/IrrlichtBAW
499428941,542,Moving headers,0,closed,buildaworldnet/IrrlichtBAW
276433590,295,sRGB conversion fix,8,closed,buildaworldnet/IrrlichtBAW
335377583,398,"Make sure flipping work, debug and fix CX and CPLY loaders",2,closed,buildaworldnet/IrrlichtBAW
418372369,489,QNC serialization fix,5,closed,buildaworldnet/IrrlichtBAW
172689582,48,GCM authentication (issue #47),1,closed,buildaworldnet/IrrlichtBAW
230011180,165,Add OpenCL context,3,closed,buildaworldnet/IrrlichtBAW
231568624,177,Fixes for MSVC,1,closed,buildaworldnet/IrrlichtBAW
249809335,219,Bullet Physics Extension,4,closed,buildaworldnet/IrrlichtBAW
329345486,378,Fix Maya and Modified Maya rotation,4,closed,buildaworldnet/IrrlichtBAW
391578030,443,CEGUI with IrrlichtBaW native renderer,2,closed,buildaworldnet/IrrlichtBAW
457382153,522,GLSL Goodies,3,closed,buildaworldnet/IrrlichtBAW
181352627,64,Fix line endings,6,closed,buildaworldnet/IrrlichtBAW
229299166,164,Fix compile errors for OpenCL build,6,closed,buildaworldnet/IrrlichtBAW
265077616,249,Srgb loader,2,closed,buildaworldnet/IrrlichtBAW
470307132,529,"GLI Writer corrections, Discrete Convolution Kernel for SAT",0,closed,buildaworldnet/IrrlichtBAW
231715916,181,High performance Draw3DLine function,2,closed,buildaworldnet/IrrlichtBAW
288655613,328,Modifed Maya Camera,2,closed,buildaworldnet/IrrlichtBAW
369234596,415,Added parallel-hashmap,1,closed,buildaworldnet/IrrlichtBAW
407300512,475,Vulkan Hello World Test,3,closed,buildaworldnet/IrrlichtBAW
419544084,490,Small OpenEXR loader fix,5,closed,buildaworldnet/IrrlichtBAW
232702048,186,Update CMake: find and enable vulkan,4,closed,buildaworldnet/IrrlichtBAW
233028161,187,CMake: add missing Vulkan include dir,4,closed,buildaworldnet/IrrlichtBAW
418177305,488,COpenGLDriver fix,0,closed,buildaworldnet/IrrlichtBAW
403796880,462,Templates,1,closed,buildaworldnet/IrrlichtBAW
451274405,514,Builtin resources - Builtindatagen.py error logging,4,closed,buildaworldnet/IrrlichtBAW
455617658,520,Indirect structs,0,closed,buildaworldnet/IrrlichtBAW
210210045,138,"matrix4SIMD, Blur",3,closed,buildaworldnet/IrrlichtBAW
254090498,222,CCustomAllocatorCPUBuffer,1,closed,buildaworldnet/IrrlichtBAW
274483653,284,Update README.md,3,closed,buildaworldnet/IrrlichtBAW
273843567,275,Fix for #274 undefined reference to zlib,3,closed,buildaworldnet/IrrlichtBAW
324933454,375,IoR table,3,closed,buildaworldnet/IrrlichtBAW
146648582,98,Meson,11,closed,linuxmint/cinnamon-desktop
2207068296,248,Add iso-codes as build-depends,10,closed,linuxmint/cinnamon-desktop
2255690420,250,Add keys to screensaver gsettings schema,7,closed,linuxmint/cinnamon-desktop
139115765,96,Improve debian packaging,6,closed,linuxmint/cinnamon-desktop
34716136,43,don't break/replace old c-d lib,5,closed,linuxmint/cinnamon-desktop
36513438,49,replace the rubbish pnp.ids file,5,closed,linuxmint/cinnamon-desktop
1626832975,237,Add Codespell workflow and fix some typo,5,closed,linuxmint/cinnamon-desktop
614664611,193,Stop using deprecated GTimeVal/g_get_current_time,2,closed,linuxmint/cinnamon-desktop
8803133,3,add upstream fix,3,closed,linuxmint/cinnamon-desktop
84959176,70,Fix gtkdocize: GTK_DOC_CHECK not called in ./configure.ac,3,closed,linuxmint/cinnamon-desktop
94413155,80,Port some PAM code from cinnamon-screensaver 3.0,3,closed,linuxmint/cinnamon-desktop
843504681,204,Update for muffin changes,3,closed,linuxmint/cinnamon-desktop
16840682,13,Merged debian's debian/patches,2,closed,linuxmint/cinnamon-desktop
95277891,82,Update pam config for multi-distro compatibility,2,closed,linuxmint/cinnamon-desktop
170023305,105,Add inhibit-lid-switch-enabled,2,closed,linuxmint/cinnamon-desktop
181711540,111,Improve debian packaging + debhelper 11,2,closed,linuxmint/cinnamon-desktop
601806551,185,GVC: avoid deprecated g_type_class_add_private,2,closed,linuxmint/cinnamon-desktop
1587150708,236,Updated README,1,closed,linuxmint/cinnamon-desktop
2165631161,245,wip: backport xrandr -> muffin changes,1,closed,linuxmint/cinnamon-desktop
16035543,11,[2.4] Added notification schema in preparation for updates to notification daemon and tray.,1,closed,linuxmint/cinnamon-desktop
11402776,7,Fix wallpaper thread lockups and whitespace,1,closed,linuxmint/cinnamon-desktop
40717067,53,Create keybinding for XF86AudioMicMute => mic-mute,1,closed,linuxmint/cinnamon-desktop
22849526,23,Add gtk-decoration-layout key,1,closed,linuxmint/cinnamon-desktop
36568277,51,[2.8] Make cinnamon-desktop buildable with make,1,closed,linuxmint/cinnamon-desktop
78152708,67,Migrate away from gnome-common deprecated vars and macros,1,closed,linuxmint/cinnamon-desktop
93739492,79,Fix includes for libcvc,1,closed,linuxmint/cinnamon-desktop
97102667,83,media-keys: Add Rotation lock support,1,closed,linuxmint/cinnamon-desktop
182451453,112,[Next] use newer debhelper and meson for integrated meson support,1,closed,linuxmint/cinnamon-desktop
209384642,119,meson: conditionalize generation of gobject introspection data,1,closed,linuxmint/cinnamon-desktop
312225631,130,Fix unused GIR transfer notation on integer values,1,closed,linuxmint/cinnamon-desktop
324945008,133,Added key required for keyboard media key volume step adjustment,1,closed,linuxmint/cinnamon-desktop
327180500,134,Add custom-screensaver-command to gsettings schema,1,closed,linuxmint/cinnamon-desktop
351560082,141,gnome-wall-clock.c: Fix usage of LC_TIME,1,closed,linuxmint/cinnamon-desktop
525987739,174,Bump meson version to 0.50.0,1,closed,linuxmint/cinnamon-desktop
556041384,178,gnome-rr.c: remove whitespaces and unused int 'i',1,closed,linuxmint/cinnamon-desktop
689986580,196,[WIP] Thumbnail refactoring,1,closed,linuxmint/cinnamon-desktop
965018076,207,libcvc/meson.build: fix building with alsa.,1,closed,linuxmint/cinnamon-desktop
1010939389,213,schemas: Add a new key for locate pointer,0,closed,linuxmint/cinnamon-desktop
16026193,10,Add new key to hold minimum window capacity (wm.preferences),0,closed,linuxmint/cinnamon-desktop
16020725,9,Added schema for storing notification settings.,0,closed,linuxmint/cinnamon-desktop
44869942,56,fix xml bg warning,0,closed,linuxmint/cinnamon-desktop
9627959,4,remove a leftover from copying autogen.sh from nemo,0,closed,linuxmint/cinnamon-desktop
7844324,1,Remove auto-generated files,0,closed,linuxmint/cinnamon-desktop
8527869,2,Update gnome-wall-clock.c,0,closed,linuxmint/cinnamon-desktop
11343683,6,Fix for linuxmint/Cinnamon#2803,0,closed,linuxmint/cinnamon-desktop
54853015,58,thumbnail: Fix a code path where the mutex is never unlocked,0,closed,linuxmint/cinnamon-desktop
54963774,59,[Experimental] backgrounds: Pull in some upstream changes for GnomeBG,0,closed,linuxmint/cinnamon-desktop
21557668,20,schemas for custom fonts in screensaver pull,0,closed,linuxmint/cinnamon-desktop
23515247,25,Fix some leaks and other stuff,0,closed,linuxmint/cinnamon-desktop
23719302,26,Stop build spam,0,closed,linuxmint/cinnamon-desktop
23350899,24,Correct type and initialization for screen_signals,0,closed,linuxmint/cinnamon-desktop
23905938,27,changed checking for NULL a bit,0,closed,linuxmint/cinnamon-desktop
21785323,22," Translate, fix croatian translation ",0,closed,linuxmint/cinnamon-desktop
21773038,21,rename the change-enabled gsettings key to slideshow-paused,0,closed,linuxmint/cinnamon-desktop
24161808,28,Add first day of week to org.cinnamon.desktop.interface schema,0,closed,linuxmint/cinnamon-desktop
24210231,29,"bumped some deps/build-deps, removed obsolete stuff",0,closed,linuxmint/cinnamon-desktop
31697201,37,Move window to monitor,0,closed,linuxmint/cinnamon-desktop
34704342,41,Remove cycle-* keybindings items (already removed in muffin),0,closed,linuxmint/cinnamon-desktop
34711160,42,update debian/control,0,closed,linuxmint/cinnamon-desktop
30720513,36,Debian folder fixes and improvements,0,closed,linuxmint/cinnamon-desktop
35321166,45,one more try at fixing gir package dependencies,0,closed,linuxmint/cinnamon-desktop
34813114,44,Remove redundant screensaver gsettings key,0,closed,linuxmint/cinnamon-desktop
36144633,47,Support keybindings to toggle horizontal/vertical maximized state,0,closed,linuxmint/cinnamon-desktop
37009983,52,screensaver schemas: use a default value that exists,0,closed,linuxmint/cinnamon-desktop
68215246,62,Fix possible NULL pointer dereference,0,closed,linuxmint/cinnamon-desktop
68215709,63,Fix usage of uninitialized values,0,closed,linuxmint/cinnamon-desktop
71606824,66,avoid some compiler warnings,0,closed,linuxmint/cinnamon-desktop
71604117,65,avoid some warning messages,0,closed,linuxmint/cinnamon-desktop
26139341,32,added missed entries in POTFILES.in,0,closed,linuxmint/cinnamon-desktop
25861205,31,correct errors detected by scan-build,0,closed,linuxmint/cinnamon-desktop
26413297,33,Add schemas for notification timeouts,0,closed,linuxmint/cinnamon-desktop
19248517,16,Add schemas for custom screensaver clock,0,closed,linuxmint/cinnamon-desktop
19707159,17,Save mtwebster from roj bug reports by moving zoom keys to their proper ...,0,closed,linuxmint/cinnamon-desktop
20266046,19,Add new keys for the background slideshow,0,closed,linuxmint/cinnamon-desktop
27958227,35,Added screensaver gsettings,0,closed,linuxmint/cinnamon-desktop
90163477,77,fix fsf address,0,closed,linuxmint/cinnamon-desktop
85293996,74,Make AX_ macros optional,0,closed,linuxmint/cinnamon-desktop
85043450,73,hack the path as the macro doesn't work,0,closed,linuxmint/cinnamon-desktop
85041130,72,There is no need for this as there are no docs,0,closed,linuxmint/cinnamon-desktop
85040316,71,Delete COPYING-DOCS,0,closed,linuxmint/cinnamon-desktop
118131090,89,Disable accountsservice background as it's ubuntu only,0,closed,linuxmint/cinnamon-desktop
118144398,90,Add detection for accountsservice background as it's ubuntu only,0,closed,linuxmint/cinnamon-desktop
116989515,88,remove aclocal from autogen,0,closed,linuxmint/cinnamon-desktop
114553746,85,schemas: Add some new keys for High Contrast,0,closed,linuxmint/cinnamon-desktop
114975903,86,gvc-mixer-control: fix double-free when setting headset,0,closed,linuxmint/cinnamon-desktop
114975927,87,gvc-mixer-control: fix reference being leaked,0,closed,linuxmint/cinnamon-desktop
122879855,92,Use logind for default,0,closed,linuxmint/cinnamon-desktop
97753146,84,remove pam leftovers,0,closed,linuxmint/cinnamon-desktop
92768421,78,Update PAM for Fedora selinux,0,closed,linuxmint/cinnamon-desktop
144820553,97,Trivial syntax fixes to support python3.,0,closed,linuxmint/cinnamon-desktop
155795019,100,Notifications: Add bottom position option,0,closed,linuxmint/cinnamon-desktop
185691412,115,Add key binding setting for showing desklets,0,closed,linuxmint/cinnamon-desktop
184490872,113,Fix pkgconfig version and fix spacing,0,closed,linuxmint/cinnamon-desktop
187605021,116,Update style of meson build options,0,closed,linuxmint/cinnamon-desktop
178214159,109,gnome-bg: proper fix for NULL gvariant unref,0,closed,linuxmint/cinnamon-desktop
174136196,106,gnome-bg: don't unref NULL gvariant,0,closed,linuxmint/cinnamon-desktop
238932032,123,Update slovak translation,0,closed,linuxmint/cinnamon-desktop
251666853,126,Update for meson changes,0,closed,linuxmint/cinnamon-desktop
266033585,127,Remove legacy migration script from cinnamon 2.4,0,closed,linuxmint/cinnamon-desktop
266033645,128,Meson deprecations,0,closed,linuxmint/cinnamon-desktop
55577329,4996,[3.2] Vertical panels,55,closed,linuxmint/cinnamon
223873324,7944,New panel layout,11,closed,linuxmint/cinnamon
4263836,1737,Resubmission: Multi-Workspace Alt-Tab,56,closed,linuxmint/cinnamon
3851504,1636,cinnamon-control-center module integration.,50,closed,linuxmint/cinnamon
5534359,1966,[2.2] [Settings][Calendar] Use a more intuitive way of settings date formats,41,closed,linuxmint/cinnamon
139566328,6878,Refactor the extension system and add commonjs compatible module importation,18,closed,linuxmint/cinnamon
151067623,6993,Network applet: Port to libnm,39,closed,linuxmint/cinnamon
256796183,8428,[WIP] bumpmaps - rework and turn on,16,closed,linuxmint/cinnamon
239019784,8150,cs_calendar.py Port the remaining date/time settings to python,5,closed,linuxmint/cinnamon
89385852,5798,[menu-applet] decodeUriComponent in app description,34,closed,linuxmint/cinnamon
4178661,1717,"[Design] Enable multiple workspace rows (Real 2D workspace grid), add workspace-thumbnail zoom, and more",30,closed,linuxmint/cinnamon
5269151,1888,Gnome 3.8 compatibility rollup,29,closed,linuxmint/cinnamon
70944857,5324,Xlet settings overhaul,29,closed,linuxmint/cinnamon
159331034,7149,Create new cinnamon-xlet-makepot utility for automattically extractin…,5,closed,linuxmint/cinnamon
286398651,8617,Make the libnm library optional,26,closed,linuxmint/cinnamon
167026675,7255,[WIP] Support for environment colors in themes,25,closed,linuxmint/cinnamon
324945140,8884,Make volume step in applet follow the volume media keys value set.,25,closed,linuxmint/cinnamon
1688545,847,Refactoring of Menu applet,27,closed,linuxmint/cinnamon
88724859,5780,[menu-applet] rewritten keynavigation codeblock,27,closed,linuxmint/cinnamon
139104643,6872,[WIP] Implement a front-end for the search providers,2,closed,linuxmint/cinnamon
223870201,7943,[WIP] Add a window list with app grouping,2,closed,linuxmint/cinnamon
539032480,9771,[wip] menu applet: Make the menu resizeable.,27,closed,linuxmint/cinnamon
21994877,3553,[WIP] Added flickr support for slideshow,19,closed,linuxmint/cinnamon
4048438,1679,[WIP]  Applet settings,25,closed,linuxmint/cinnamon
4780475,1814,More intuitive/visual hot corner configuration.,24,closed,linuxmint/cinnamon
1728219,877,Added panel right click menu,24,closed,linuxmint/cinnamon
3635679,1598,[Alt-Tab] Show windows from all workspaces,24,closed,linuxmint/cinnamon
1444902904,11770,fix: Resizing Applet PopupMenus will go behind panel if panel is set to auto hide,24,closed,linuxmint/cinnamon
10286258,2662,[2.2] Add track name and album art to panel,21,closed,linuxmint/cinnamon
4660635,1803,Cinnamon keybinding manager (using muffin),22,closed,linuxmint/cinnamon
94012234,5974,[3.4] window-list: Rearrange popup menu items,22,closed,linuxmint/cinnamon
198782358,7685,[WIP] Allow custom widgets in xlet settings,1,closed,linuxmint/cinnamon
241884997,8251,fix regression #8070 (menu search results),9,closed,linuxmint/cinnamon
750114181,10372,Adapt Cinnamon to Mutter 3.36.9 rebase,22,closed,linuxmint/cinnamon
4643882,1800,[WIP] Breadcrumbs for cinnamon-settings,20,closed,linuxmint/cinnamon
117867329,6486,main.js: improve logging of GLib.Errors and objects ,19,closed,linuxmint/cinnamon
176054357,7376,sound@cinnamon.org applet - Solves issue #7375,14,closed,linuxmint/cinnamon
183105193,7486,Unified network change PRs with additional debian/ fix,11,closed,linuxmint/cinnamon
220902464,7916,Improve workspace switching performance,20,closed,linuxmint/cinnamon
321490666,8873,option to restart without user extensions,12,closed,linuxmint/cinnamon
1086799848,11228,"Add ""Notifications disabled"" icon clue to Inhibit Applet",19,closed,linuxmint/cinnamon
1679553,843,Notifications applet to tie in to the Message tray.,18,closed,linuxmint/cinnamon
38134838,4338,WIP · 2.8 · Automatically reload xlets when updating,19,closed,linuxmint/cinnamon
91112825,5859,[menu-applet & panel-launchers] added new mouse cursors while draggin…,19,closed,linuxmint/cinnamon
1980329,1003,"Refactor Panel, Layout, Expo and Scale to handle various panel configurations",18,closed,linuxmint/cinnamon
3378400,1504,Panel rework with the aim of supporting more panel layouts,18,closed,linuxmint/cinnamon
172741421,7325,Fix bad allocation of panels with borders,18,closed,linuxmint/cinnamon
1350082877,11665,Make menu applet resizable with mouse,18,closed,linuxmint/cinnamon
2275002,1086,"[1.6?] Refactor Panel, Layout, Expo and Scale to handle various panel configurations, second attempt",17,closed,linuxmint/cinnamon
1745401,892,ALT-Tab enhancement: outline and live preview of selected window,17,closed,linuxmint/cinnamon
347249917,8988,placesManager.js: Management and notifications improvements - Solves #5377,13,closed,linuxmint/cinnamon
753559705,10377,Add missing Build-Depends,17,closed,linuxmint/cinnamon
2720517,1293,Added mouse button modifier to Cinnamon window settings (makes it easier to properly use Blender). Added option to add the menu icon to the title bar.,16,closed,linuxmint/cinnamon
4073643,1701,Use the notification system to bring attention to attention-seeking windows,16,closed,linuxmint/cinnamon
581392738,9957,Cinnamon-settings spices: allow installing 3rd party spice from zip file,16,closed,linuxmint/cinnamon
795377011,10499,Add Child and Elder type of user groups,16,closed,linuxmint/cinnamon
4182760,1719,Menu Overhaul [clean recommit],15,closed,linuxmint/cinnamon
1738868,886,Allow disabling notifications,15,closed,linuxmint/cinnamon
2497218,1232,[1.8] Window list applet notification improvements,13,closed,linuxmint/cinnamon
3742760,1620,Start porting cinnamon to use gdbus,15,closed,linuxmint/cinnamon
3952486,1655,Applets camelcase,15,closed,linuxmint/cinnamon
131166894,6708,ui/modalDialog: Show the version when time stamps are present,15,closed,linuxmint/cinnamon
103606360,6226,[WIP] Improve the look of xlet settings,15,closed,linuxmint/cinnamon
229717377,8008,gwl: Simplify thumbnail layout,15,closed,linuxmint/cinnamon
366249650,9133,"Add `Activate, then cycle` to grouped window list",15,closed,linuxmint/cinnamon
479552416,9559,[FEAUTURE] [BETTER THEMING] add applet uuid formatted as style class name,9,closed,linuxmint/cinnamon
1269478655,11548,cs_themes: Add a simplified UI,15,closed,linuxmint/cinnamon
1575274596,11905,[network@cinnamon.org] - Try to fix #10225,15,closed,linuxmint/cinnamon
1349865220,11664,cinnamon-settings.py: Additional modules when Mint modules are absent,12,closed,linuxmint/cinnamon
28203352,3858,Sound applet,14,closed,linuxmint/cinnamon
36549351,4229,signalManager.js: fix iteration of the object map,14,closed,linuxmint/cinnamon
151036497,6992,cinnamon-settings: move everything to python 3,9,closed,linuxmint/cinnamon
246014237,8314,Menu applet: Various improvements,7,closed,linuxmint/cinnamon
1252471713,11530,workspace switcher: Add option to display windows icons,14,closed,linuxmint/cinnamon
4919445,1831,Further work on desklets (3),13,closed,linuxmint/cinnamon
2639432,1273,[1.6] Add autostart files for gnome-screensaver,13,closed,linuxmint/cinnamon
28487133,3877,Bug fixes and improvements for multiple battery laptops,13,closed,linuxmint/cinnamon
90498452,5829,[Hot Corners] Added hover delay functionality.,13,closed,linuxmint/cinnamon
136655069,6821,A Logo in System Info that goes on top of the System Info Text,13,closed,linuxmint/cinnamon
130240388,6694,Make touchpad settings compatible with libinput,13,closed,linuxmint/cinnamon
162173450,7187,sound@cinnamon.org: Volume control up to 150% of nominal volume. ,13,closed,linuxmint/cinnamon
166930423,7252,Don't clear notifications when an app becomes focused,13,closed,linuxmint/cinnamon
177257785,7395,Menu applet: autoselect exact matches,8,closed,linuxmint/cinnamon
233092655,8057,gwl: Improve thumbnail menu input and button label handling,13,closed,linuxmint/cinnamon
229629534,8004,IndicatorManager: Clean up,13,closed,linuxmint/cinnamon
241485816,8230,Replace allocation signals with callbacks,13,closed,linuxmint/cinnamon
302762341,8746,Update Spices.py - Bypass all caches downloading json and zip files,13,closed,linuxmint/cinnamon
579402729,9954,Add additional information to the sound@cinnamon.org applet tooltip,13,closed,linuxmint/cinnamon
614578723,10043,Stop using GTimeVal/g_get_current_time,6,closed,linuxmint/cinnamon
1751474351,12100,Add theme config gui for configurable themes,13,closed,linuxmint/cinnamon
5652526,2006,[Design] Lock desklets,12,closed,linuxmint/cinnamon
7369420,2320,[2.2] Add search web capabilities to menu applet,12,closed,linuxmint/cinnamon
11120913,2779,"Use button press instead of release events to activate applet, desklet, panel popups",12,closed,linuxmint/cinnamon
11020779,2765,window list applet: Add binding to adjust window opacity.,12,closed,linuxmint/cinnamon
1290608,673,Fixed power applet not updating ( issue #611 ),12,closed,linuxmint/cinnamon
2413217,1173,make GSettingsSpinButton aware of ranges defined in the schema,12,closed,linuxmint/cinnamon
3964446,1664,Cleanup debian packaging,12,closed,linuxmint/cinnamon
3198874,1448,speed up menus applet with large num of apps,12,closed,linuxmint/cinnamon
81255028,5556,sound applet: Add a menu that allows the user to switch between activ…,12,closed,linuxmint/cinnamon
93439874,5942,[applet.js] Re added ability to display a separator on applets context menus.,12,closed,linuxmint/cinnamon
785420846,15769,Implement new icon/color theme,558,closed,qBittorrent/qBittorrent
147230642,7610,Redesign Web API,95,closed,qBittorrent/qBittorrent
412652072,12746,CMake scripts overhaul,136,closed,qBittorrent/qBittorrent
48682165,3989,Implement search filters. Partially closes #972,116,closed,qBittorrent/qBittorrent
174278131,8584,WebUI search API. Closes #2495,92,closed,qBittorrent/qBittorrent
124086350,6911,Add a Tags system to the GUI to expand torrent organization / filtering options. Closes #13.,28,closed,qBittorrent/qBittorrent
120464200,6779,Add ip subnet whitelist for bypassing webui auth,41,closed,qBittorrent/qBittorrent
117785425,6698,Color and font themes,93,closed,qBittorrent/qBittorrent
385279999,12144,Convert the Log widget to use custom View/Model,41,closed,qBittorrent/qBittorrent
282127941,10702,Allow Styling through QSS,99,closed,qBittorrent/qBittorrent
62339715,4936,Improve tooltips for torrent progress bar,92,closed,qBittorrent/qBittorrent
812735912,15915,Implement class for handling filesystem paths,32,closed,qBittorrent/qBittorrent
91489711,5877,locally banned IP list managment (Closes #1837 ),34,closed,qBittorrent/qBittorrent
68764500,5214,Implement configurations and portable mode. Closes #465,108,closed,qBittorrent/qBittorrent
77642993,5532,Command line arguments for specifying options when adding torrents,49,closed,qBittorrent/qBittorrent
115583437,6627,Redesign RSS subsystem,43,closed,qBittorrent/qBittorrent
68203040,5196,Revamp Torrent creator,80,closed,qBittorrent/qBittorrent
70978143,5287,Implement Smart Filter,56,closed,qBittorrent/qBittorrent
529821648,13885,Rework global speed limit dialog and introduce torrent options dialog,55,closed,qBittorrent/qBittorrent
903146309,16840,Improve startup,129,closed,qBittorrent/qBittorrent
57017306,4681,Log improvements,33,closed,qBittorrent/qBittorrent
71648351,5310,Fix emule dat parsing,116,closed,qBittorrent/qBittorrent
359376750,11833,Use license key for downloading GeoIP db,24,closed,qBittorrent/qBittorrent
272497993,10527,Implement tag management for WebUI,34,closed,qBittorrent/qBittorrent
45310949,3810,Improve desktop notifications,30,closed,qBittorrent/qBittorrent
401260235,12458,Convert the Log widget to use custom View/Model,23,closed,qBittorrent/qBittorrent
63781134,4994,Add availability column to torrent contents,29,closed,qBittorrent/qBittorrent
731952766,15453,Redesign Icons,151,closed,qBittorrent/qBittorrent
99712048,6156,Use system file type specific icons in contents tab ,79,closed,qBittorrent/qBittorrent
222905533,9704,[WIP] Adapt sources to the libtorrent master branch,25,closed,qBittorrent/qBittorrent
52766580,4266,Share torrents until seeding time reaches an specific amount of minutes,86,closed,qBittorrent/qBittorrent
481878691,13348,Improve startup,149,closed,qBittorrent/qBittorrent
193606513,9072,"Use ""Default programs"" to register file associations",13,closed,qBittorrent/qBittorrent
209415367,9375,Add additional tracker info to WebUI,34,closed,qBittorrent/qBittorrent
299393522,10948,Map Icons with IDs,22,closed,qBittorrent/qBittorrent
217216736,9562,Improve scaling of speed graphs,11,closed,qBittorrent/qBittorrent
335071184,11433,Allow transfer list text color changes through QSS,47,closed,qBittorrent/qBittorrent
1920439158,20951,"Add ability to display torrent ""privateness"" in UI",48,closed,qBittorrent/qBittorrent
70382562,5264,Use explicit class for search plugin versions,20,closed,qBittorrent/qBittorrent
402206767,12480,CMake: Enforce minimum C++ mode support,76,closed,qBittorrent/qBittorrent
391122283,12205,Improve man pages and related help/documentation,27,closed,qBittorrent/qBittorrent
858526622,16485,Allow to limit max memory working set size,65,closed,qBittorrent/qBittorrent
241832693,10099,Use SQLite to store torrents and fastresumes,47,closed,qBittorrent/qBittorrent
387932285,12169,Redesigning both Theme and Skin icons,95,closed,qBittorrent/qBittorrent
713627701,15330,Replace GitHub markdown templates with GitHub forms,29,closed,qBittorrent/qBittorrent
99816905,6186,Optimise status colours and icons. Closes #6174.,58,closed,qBittorrent/qBittorrent
166404692,8347,"New CONTRIBUTING.md, based on the old one, Atom's and uBlock Origin's",26,closed,qBittorrent/qBittorrent
318058163,11241,"Add ""Remove torrent and its files"" option to share ratio limiting",29,closed,qBittorrent/qBittorrent
355097575,11708,Improve Transfer list architecture,40,closed,qBittorrent/qBittorrent
545712691,14054,Make SpeedPlotView averager time aware,17,closed,qBittorrent/qBittorrent
52719122,4253,Switching to stylized icons,114,closed,qBittorrent/qBittorrent
29318649,2550,[search engine] Replace threading with multiprocessing,113,closed,qBittorrent/qBittorrent
65646911,5090,Add option to automatically remove .torrent files upon adding,38,closed,qBittorrent/qBittorrent
125058135,6952,Various macOS UI improvements,38,closed,qBittorrent/qBittorrent
63476925,4984,Embedded tracker: Return external IPs to a peer with external IP,31,closed,qBittorrent/qBittorrent
480258635,13327,CMake: overhaul and improve scripts,18,closed,qBittorrent/qBittorrent
638271674,14959,CMake: improve Windows build,70,closed,qBittorrent/qBittorrent
191301895,9007, Pause session till all torrents are fully started ,37,closed,qBittorrent/qBittorrent
473317022,13288,Add GitHub Actions CI workflow,28,closed,qBittorrent/qBittorrent
1498419004,19542,Implement SSL peer support,7,closed,qBittorrent/qBittorrent
228852568,9824,Convert all foreach() to range-based for(),28,closed,qBittorrent/qBittorrent
809800626,15888,Support folder based Themes,8,closed,qBittorrent/qBittorrent
33621122,2892,Core classes redesign (Issue #2433).,102,closed,qBittorrent/qBittorrent
217732233,9600,Rewrite averaging code and reduce horizontal graphs resolution,4,closed,qBittorrent/qBittorrent
37775046,3235,libtorrent session options,16,closed,qBittorrent/qBittorrent
208874901,9349,Read command line parameters from <exeName>.params file,42,closed,qBittorrent/qBittorrent
349711455,11592,Rework the listening IP/interface selection code,17,closed,qBittorrent/qBittorrent
789923360,15793,"Redesign ""Incomplete folder"" feature",48,closed,qBittorrent/qBittorrent
216528997,9541, Set priority for multiple files in one WebAPI request,4,closed,qBittorrent/qBittorrent
1260513301,18645,Compress log backup files by gzip,12,closed,qBittorrent/qBittorrent
406837540,12574,Revise GitHub templates,56,closed,qBittorrent/qBittorrent
1637779955,20118,Display external address,55,closed,qBittorrent/qBittorrent
143936857,7522,Reformat Windows build configuration files,15,closed,qBittorrent/qBittorrent
21985998,1984,Forces Windows (Vista and above) shutdown to wait qBittorrent to terminate cleanly,81,closed,qBittorrent/qBittorrent
501202618,13498,Improve startup v2,88,closed,qBittorrent/qBittorrent
68157329,5195,Add ability to import uTorrent RSS feeds and download rules,29,closed,qBittorrent/qBittorrent
326779587,11354,Reallow to pause checking torrents,73,closed,qBittorrent/qBittorrent
469120881,13266,Make tracker/endpoints presentation consistent,13,closed,qBittorrent/qBittorrent
169675892,8427,Rewrite RequestParser,7,closed,qBittorrent/qBittorrent
245375529,10175,Load WebUI certificate & key from file path,20,closed,qBittorrent/qBittorrent
261808950,10384,Convert the Log widget to use custom View/Model,12,closed,qBittorrent/qBittorrent
1282855994,18735,Deny remote user login with default credentials,75,closed,qBittorrent/qBittorrent
31689738,2757,Upload/download speed graph widget.,58,closed,qBittorrent/qBittorrent
37085258,3150,"Add multiple peers in Peers addition dialog. Closes #1563, #2245, #3133, #1419, #3287, #1419",37,closed,qBittorrent/qBittorrent
399328742,12434,Fix embedded tracker,20,closed,qBittorrent/qBittorrent
1866416868,20833,"WebAPI: Add ""private"" filter for 'info' endpoint",30,closed,qBittorrent/qBittorrent
27150040,2389,Web API: Implement sync/maindata request,57,closed,qBittorrent/qBittorrent
192067510,9026,Use independent translation for WebUI,19,closed,qBittorrent/qBittorrent
2055715614,21300,"Add ""Simple pread/pwrite"" disk IO type",26,closed,qBittorrent/qBittorrent
350370789,11614,"Enable portable mode if ""profile"" folder exists",46,closed,qBittorrent/qBittorrent
405906275,12557,Implemented RSS reader and auto downloader in reference WebUI,41,closed,qBittorrent/qBittorrent
731949724,15452,"Move some options from transfer list's context menu into ""Torrent options"" dialog",31,closed,qBittorrent/qBittorrent
999393596,17389,Show startup progress dialog,51,closed,qBittorrent/qBittorrent
1690573429,20314,Add API for obtaining list of directories,19,closed,qBittorrent/qBittorrent
581804480,14465,Allow to build with Qt6,68,closed,qBittorrent/qBittorrent
1572763114,19777,Drop WebUI default credentials,24,closed,qBittorrent/qBittorrent
1576340775,19801,Delay subsequent requests to the same host,16,closed,qBittorrent/qBittorrent
26541254,2332,WebUI: Change torrent model,79,closed,qBittorrent/qBittorrent
16313911,1703,use post_status_update() and set_alert_dispatch(),79,closed,qBittorrent/qBittorrent
352081751,11637,Change some settings defaults for better behaviour out of the box,63,closed,qBittorrent/qBittorrent
2120205968,634,Add BuildLimits hack,1,closed,CivMC/Civ
1933027995,550,Update plugins to 1.20.6,8,closed,CivMC/Civ
2034660077,606,Acidblock improvements,3,closed,CivMC/Civ
1785601745,383,Proper /nldg confirmation,12,closed,CivMC/Civ
1740565414,319,Add a toggle to enable/disable banned pearls in ep showall,4,closed,CivMC/Civ
1970568064,564,Update entity health on mount,9,closed,CivMC/Civ
1812512614,397,Protect all damageable items,11,closed,CivMC/Civ
2118461556,631,Add warps to kitpvp plugin,1,closed,CivMC/Civ
2310396109,750,Combat fix,9,closed,CivMC/Civ
2301098630,746,Case-insensitive Commands,7,closed,CivMC/Civ
1938810861,552,Remove PsuedoServer,9,closed,CivMC/Civ
1744659068,334,Fix horse stats being re-rolled on login,5,closed,CivMC/Civ
1752864044,353,Add skip existing reinforcements flag to ctar,2,closed,CivMC/Civ
1787601384,387,Add logging for ChunkMeta,1,closed,CivMC/Civ
1814917949,398,Standardises and centralises compacted item handling,7,closed,CivMC/Civ
2171532670,656,Show pearl health value instead of percent,7,closed,CivMC/Civ
1737793737,275,Optimise snitch GUI,4,closed,CivMC/Civ
2158344315,654,Fix a bug,6,closed,CivMC/Civ
1730535977,2,Refactor DogFacts to use MiniMessage,5,closed,CivMC/Civ
1869957122,538,Fix some snitches crashing the server,6,closed,CivMC/Civ
2300324730,745,Allow adding blocks to safebreak,6,closed,CivMC/Civ
1735260573,257,Add Kotlin support,5,closed,CivMC/Civ
1752645374,351,Prevent grass spread to reinforced dirt,1,closed,CivMC/Civ
2280158848,729,fix mobs spawning/stuck outside simulation distance,4,closed,CivMC/Civ
2272108013,713,Factorymod additions. ,3,closed,CivMC/Civ
2254913134,676,Fix Packet Listener Weirdness,5,closed,CivMC/Civ
1910921655,547,Bandaid fix nbt matching issues,3,closed,CivMC/Civ
1979093423,570,Update comment on pr instead of creating new one,2,closed,CivMC/Civ
1972703841,568,Change README to tell users to use gradle wrapper,3,closed,CivMC/Civ
1736097650,262,Fix primary owner transfer not being set to OWNER role,1,closed,CivMC/Civ
1733795839,239,"Fix ""Smart"" Mobs Being Able To Open Reinforced  Doors",0,closed,CivMC/Civ
1741408180,321,Replace MoreClassUtils.castOrNull() with instanceof pattern matching,0,closed,CivMC/Civ
1980173443,574,Bump entity render distances to default settings,4,closed,CivMC/Civ
2298301407,740,improve docs site,1,closed,CivMC/Civ
1737799401,276,Citadel 1.20.4,3,closed,CivMC/Civ
1737670650,273,"Add BetterRails, FasterHorses, CopperRail, and miscellaneous things",0,closed,CivMC/Civ
1747914986,339,Create centralised player-name cache,0,closed,CivMC/Civ
2121634242,639,add ability to set custom afk message,0,closed,CivMC/Civ
1752645177,350,Add `/nllim` (Name Layer List Invited Members),0,closed,CivMC/Civ
1787600901,386,Fix portal hack not triggering,1,closed,CivMC/Civ
1865327367,512,Fix emotes,1,closed,CivMC/Civ
2026753529,602,Use same slot UUID for modifiers,3,closed,CivMC/Civ
2253810511,675,Update DestinationCommand.java to suggest OneDest structure,3,closed,CivMC/Civ
1755387997,356,Create PVP Server Container,0,closed,CivMC/Civ
2048567892,619,Prevent pearled people from pearling others,0,closed,CivMC/Civ
1970569223,565,Change fuel button to left shift,0,closed,CivMC/Civ
2024100068,585,Display AFK status in side/action bar,2,closed,CivMC/Civ
2121580783,638,Fix bastions acting as sponge and stacking incorrectly,1,closed,CivMC/Civ
2115764419,630,nerf cactus,2,closed,CivMC/Civ
1733796881,240,Prevent Reinforcing In Combat,2,closed,CivMC/Civ
1734119695,242,Improve time formatting in snitch logs,2,closed,CivMC/Civ
1741876581,329,Add workflows for PR checks,2,closed,CivMC/Civ
1748232942,345,A partial fix for minecart derailment,1,closed,CivMC/Civ
1775296776,375,Optimise command registration,2,closed,CivMC/Civ
1787259568,385,Replace HashSet with OpenObjectHashSet,1,closed,CivMC/Civ
1775279657,374,Prevent respawn anchors being used as anti-place,1,closed,CivMC/Civ
1991219328,580,Log pearl info when a broken pearl is found,2,closed,CivMC/Civ
1753184223,354,Fix skin not carrying over on profile change,1,closed,CivMC/Civ
1848794504,481,Eliminate Intermediate containers,1,closed,CivMC/Civ
1854797475,491,Fix local docker setup,1,closed,CivMC/Civ
1798564017,393,Re-add standardised test output formatting,2,closed,CivMC/Civ
2032148305,604,separate nether ores and add copper ore to safebreak,2,closed,CivMC/Civ
1988622241,577,Switch from jsr305 to Jetbrains Annotations,2,closed,CivMC/Civ
2046470820,615,Remove MoreArrayUtils,2,closed,CivMC/Civ
2227272623,671,Faction permissions support,2,closed,CivMC/Civ
1798469561,392,Refactors dependency gluing,2,closed,CivMC/Civ
1862884799,497,Build plugins from source for ansible deployments,2,closed,CivMC/Civ
1867817182,535,"Revert ""Discard entities before adding NPCs""",2,closed,CivMC/Civ
2134642974,645,Increase item frame chunk limits,2,closed,CivMC/Civ
2138581901,649,Add /emf toggle dogfact,2,closed,CivMC/Civ
2120244252,635,enforce lf file endings,2,closed,CivMC/Civ
1810293476,396,Add horse armour hack,2,closed,CivMC/Civ
2272241164,719,Draft Development Process,2,closed,CivMC/Civ
2348162626,765,Remove MoreTags,0,closed,CivMC/Civ
2311466025,752,Add a barrel recipe to carpentry factory,2,closed,CivMC/Civ
2042412608,611,"Remove Kaowta, add Salerno",2,closed,CivMC/Civ
2292861437,735,Reattempt ModSupport hack,2,closed,CivMC/Civ
2225192296,670,Add ItemExchange receipts,2,closed,CivMC/Civ
2284252935,732,Update brewery.md,1,closed,CivMC/Civ
1737548646,272,NameLayer 1.20.4,1,closed,CivMC/Civ
1737909263,279,SimpleAdminHacks 1.20.4,1,closed,CivMC/Civ
1739183855,311,Exilepearl 1.20,0,closed,CivMC/Civ
1731954989,235,Welcome book command,1,closed,CivMC/Civ
1733751669,237,Add Map Copy Protection,0,closed,CivMC/Civ
1733793609,238,Prevent Innapropriate Flower Pot Modification,0,closed,CivMC/Civ
1747893780,338,Deoxidise as many blocks as the tool in-hand can,0,closed,CivMC/Civ
1744666118,335,Fix horse stats message double sending,0,closed,CivMC/Civ
1773550693,371,Make sapling hack better,0,closed,CivMC/Civ
1775673153,376,Allow interacting with chests and trapdoors if doing so would not actually open them,0,closed,CivMC/Civ
1790327850,389,bump versions,1,closed,CivMC/Civ
1787896767,388,Potential CivModCore race condition fixes,1,closed,CivMC/Civ
1759764387,362,Log when chunkmeta autosaves,1,closed,CivMC/Civ
1808116324,395,Yeet canvas,0,closed,CivMC/Civ
1825692443,406,Move CivDocker and Ansible into Monorepo,1,closed,CivMC/Civ
2272307284,720,Update backup-and-restart.sh,1,closed,CivMC/Civ
2277231902,726,Remove Evenmorefish from civ repo.,1,closed,CivMC/Civ
2277797129,727,Add missing blocks to castlegate,1,closed,CivMC/Civ
1801030719,394,Fix Factory Overflow,0,closed,CivMC/Civ
1841833671,480,Update auth and monitoring templates,1,closed,CivMC/Civ
1851552979,487,Update tag,1,closed,CivMC/Civ
1570553536,5439,feat(vuln): include pkg identifier on detected vulnerabilities,19,closed,aquasecurity/trivy
2123603068,7732,docs: improve databases documentation,8,closed,aquasecurity/trivy
501126918,679,Add linter check support,21,closed,aquasecurity/trivy
1889438012,6781,ci: automate backporting process,11,closed,aquasecurity/trivy
1613556505,5635,feat: Add Julia language analyzer support,30,closed,aquasecurity/trivy
968560914,2333,docs: Updating documentation structure and content in the tutorial section,14,closed,aquasecurity/trivy
1749763666,6234,docs: Add documentation for contributing additional checks to the trivy policies repo,1,closed,aquasecurity/trivy
2228661899,8080,feat(python): add support for uv,14,closed,aquasecurity/trivy
2251616213,8177,feat: add report summary table,14,closed,aquasecurity/trivy
301215903,99,Major Dockerfile redesign with UPX and other best practices,19,closed,aquasecurity/trivy
386988586,433,Override with Vendor score if exists,10,closed,aquasecurity/trivy
1312584012,4058,feat(spdx): add support for SPDX 2.3,34,closed,aquasecurity/trivy
438489019,542,added: display last db update whenever trivy server is started,32,closed,aquasecurity/trivy
507936183,709,AVD: Add links to detected vulnerabilities,10,closed,aquasecurity/trivy
1746860563,6217,fix(aws): handle ECR repositories in different regions,19,closed,aquasecurity/trivy
795320172,1437,BREAKING: migrate the sarif template to Go code,5,closed,aquasecurity/trivy
1395790416,4652,feat(nodejs): parse licenses in yarn projects,3,closed,aquasecurity/trivy
1831292557,6524,"feat: Add binary version parsing for nodejs, php and python",22,closed,aquasecurity/trivy
2226415015,8077,fix(spdx): use the `hasExtractedLicensingInfos` field for licenses that are not listed in the SPDX,2,closed,aquasecurity/trivy
335605782,253,feat(db): use pre-built database,2,closed,aquasecurity/trivy
1085382603,3015,feat(misconf): Fetch policies from OCI registry,10,closed,aquasecurity/trivy
526554732,751,Add helm chart to install trivy in server mode.,5,closed,aquasecurity/trivy
686650651,1101,docs: add misconfiguration,0,closed,aquasecurity/trivy
922527369,2065,feat:  add k8s subcommand,5,closed,aquasecurity/trivy
1960379133,7131,feat(license): improve license normalization,2,closed,aquasecurity/trivy
992439823,2490,feat: basic pre-commit-hook,34,closed,aquasecurity/trivy
2016839355,7336,fix(license): stop spliting a long license text,24,closed,aquasecurity/trivy
1932920658,6993,feat!: add clean subcommand,11,closed,aquasecurity/trivy
2076053164,7526,ci(helm): auto public Helm chart after PR merged,9,closed,aquasecurity/trivy
1493665415,5062,feat(docker): add support for scanning Bitnami components,7,closed,aquasecurity/trivy
1736746816,6176,feat(terraform): Terraform Plan snapshot scanning support,0,closed,aquasecurity/trivy
281191853,50,feat: add vulnerability type filter to get only os or packages vulnerabilities,13,closed,aquasecurity/trivy
1694392665,5999,refactor(report): Replacing `source_location` in `github` report when scanning an image,2,closed,aquasecurity/trivy
1815296843,6476,feat(misconf): Use updated terminology for misconfiguration checks,4,closed,aquasecurity/trivy
1855598240,6633,refactor: unify Library and Package structs,2,closed,aquasecurity/trivy
1968213975,7160,docs: update air-gapped docs,10,closed,aquasecurity/trivy
2093504031,7605,feat: support multiple DB repositories for vulnerability and Java DB,4,closed,aquasecurity/trivy
2298005787,8294,feat(image): return error early if total size of layers exceeds limit,0,closed,aquasecurity/trivy
612585875,935,Update SARIF report template,4,closed,aquasecurity/trivy
834254221,1638,ci: create canary build after main branch changes ,3,closed,aquasecurity/trivy
1536924112,5285,feat(rust): Support workspace.members parsing for Cargo.toml analysis,8,closed,aquasecurity/trivy
2285114198,8254,feat(cyclonedx): Add initial support for loading external VEX files from SBOM references,5,closed,aquasecurity/trivy
1311452661,4047,feat(image): Add image-src flag to specify which runtime(s) to use,8,closed,aquasecurity/trivy
2019028744,7340,fix(sbom): export bom-ref when converting a package to a component,10,closed,aquasecurity/trivy
1713899926,6072,feat(sbom): Support license detection for SBOM scan,16,closed,aquasecurity/trivy
1757264253,6275,docs: add info on adding compliance checks,0,closed,aquasecurity/trivy
1865710819,6674,feat: add support for plugin index,5,closed,aquasecurity/trivy
2251701279,8178,feat(image): prevent scanning oversized container images,15,closed,aquasecurity/trivy
1007917814,2589,feat: add k8s components,23,closed,aquasecurity/trivy
1009680355,2607,fix(cli): secret scanning perf link fix,15,closed,aquasecurity/trivy
1377867481,4557,feat(k8s): cyclonedx kbom support,4,closed,aquasecurity/trivy
1993968307,7261,docs: add auto-generated config,4,closed,aquasecurity/trivy
2114050948,7679,feat: Update registry fallbacks,17,closed,aquasecurity/trivy
348532028,303,feat(rpc): add rpc server,0,closed,aquasecurity/trivy
1507790582,5154,fix(sbom): use PURL or Group and Name in case of Java ,8,closed,aquasecurity/trivy
1186521926,3391,docs: adding show-and-tell template to GH discussions,7,closed,aquasecurity/trivy
2114957932,7690,refactor(k8s): scan config files as a folder,9,closed,aquasecurity/trivy
731591542,1230,Use a stable SARIF identifier,27,closed,aquasecurity/trivy
1069566242,2951,feat: compliance reports,7,closed,aquasecurity/trivy
1341235847,4210,feat: add SBOM analyzer,3,closed,aquasecurity/trivy
1980791824,7206,feat(vex): VEX Repository support,1,closed,aquasecurity/trivy
1968634442,7163,feat(go): use `toolchain` as `stdlib` version for `go.mod` files,7,closed,aquasecurity/trivy
2054646937,7444,fix(k8s)!: support k8s multi container,21,closed,aquasecurity/trivy
1493253813,5059,feat: introduce `--exclude-owned` flag to exclude K8S Resources with Owner References,22,closed,aquasecurity/trivy
1781884686,6357,feat(vuln): Handle scanning conan v2.x lockfiles,10,closed,aquasecurity/trivy
2017831558,7339,feat(misconf): Add optional start/end_line config values for ignorefile misconf,16,closed,aquasecurity/trivy
2276383654,8244,feat: add support for registry mirrors,3,closed,aquasecurity/trivy
753865127,1287,feat(client): configure TLS InsecureSkipVerify for server connection,9,closed,aquasecurity/trivy
860667397,1756,feat(template) Add misconfigurations to gitlab codequality report,26,closed,aquasecurity/trivy
1942146421,7039,fix(dotnet): don't include non-runtime libraries into report for `*.deps.json` files,10,closed,aquasecurity/trivy
388118470,435,Expose Trivy and VulnDB version through --version,0,closed,aquasecurity/trivy
872489445,1799,feat(sbom): add a dedicated sbom command,3,closed,aquasecurity/trivy
879816801,1832,feat(cyclonedx): add vulnerabilities,0,closed,aquasecurity/trivy
1004282817,2567,feat(report): add support for Cosign vulnerability attestation,0,closed,aquasecurity/trivy
1237839997,3599,feat(image): custom docker host option,18,closed,aquasecurity/trivy
2110960616,7664,feat(cli): add `trivy auth`,10,closed,aquasecurity/trivy
721975936,1202,Add CSV template,26,closed,aquasecurity/trivy
1090619031,3037,feat: Adding support for Windows testing,1,closed,aquasecurity/trivy
1132413333,3215,feat: add support for Wolfi Linux,18,closed,aquasecurity/trivy
1751433554,6240,refactor(sbom): add intermediate representation for BOM,3,closed,aquasecurity/trivy
1773805361,6329,feat(c): add license support for conan lock files,0,closed,aquasecurity/trivy
1909399220,6882,feat(java): add support for sbt projects using sbt-dependency-lock,1,closed,aquasecurity/trivy
1775584326,6333,feat(image): updated json report added package locations fields,11,closed,aquasecurity/trivy
2236968522,8106,fix(python): skip dev group's deps for poetry,3,closed,aquasecurity/trivy
364403191,376,contrib: Add GitLab CI template to deeply integrated with GitLab Container Scanning,6,closed,aquasecurity/trivy
1405192665,4706,feat(report): Add `InstalledFiles` field to Package,9,closed,aquasecurity/trivy
948566961,2186,BREAKING(k8s): change CLI API,11,closed,aquasecurity/trivy
993408890,2494,"feat(repo): add support for branch, commit, & tag",4,closed,aquasecurity/trivy
1111389101,3130,feat(misconf): Add compliance check support,6,closed,aquasecurity/trivy
1487891964,5037,feat(swift): add vulns for cocoapods,0,closed,aquasecurity/trivy
814173259,1539,BREAKING: Trivy DB from GHCR,0,closed,aquasecurity/trivy
934991046,2111,docs: Add Operator docs under Kubernetes section,9,closed,aquasecurity/trivy
1060669757,2910,feat: add virtual machine scan command,9,closed,aquasecurity/trivy
1905265589,6861,feat(k8s)!: node-collector dynamic commands support,3,closed,aquasecurity/trivy
1928332686,6965,feat: add openSUSE tumbleweed detection and scanning,8,closed,aquasecurity/trivy
2243768287,8134,feat(python): add support for uv dev and optional dependencies,2,closed,aquasecurity/trivy
328191233,201,test(integration): add integration tests,1,closed,aquasecurity/trivy
444434660,552,improve ruby comparison version check.,3,closed,aquasecurity/trivy
675011312,1081,feat(report): add support for CycloneDX,10,closed,aquasecurity/trivy
838173368,1668,build: sign container image,4,closed,aquasecurity/trivy
